Year,Month,Alpha Code of Origin Airport,Unique Numeric Code of Origin Airport,World Area Code of Origin Airport,City Name of Origin Airport,Alpha Code of Destination Airport,Numeric Code of Destination Airport,World Area Code of Destination Airport,City Name of Destination Airport,Carrier Alpha Code,Carrier Entity Code,Carrier Group Code,Distance of Segment,Service Class,Aircraft Group,Aircraft Type ID,Aircraft Configuration,Departures Performed,Departures Scheduled,Available Capacity in Pounds,Available Seats,Passengers Transported,Freight Transported,Mail Transported,Ramp in minutes,Airborne in minutes,Quarter
2009,11,EZE,13690,303,"BUENOS AIRES,ARGENTINA",MIA,57565,33,"MIAMI,FLORIDA,USA",4M,71009,0,4405,F,6,26,1,30.0,0,2566111.0,6508.0,4865.0,975898.0,0.0,0,0,4
2009,9,EZE,13690,303,"BUENOS AIRES,ARGENTINA",MIA,57565,33,"MIAMI,FLORIDA,USA",4M,71009,0,4405,F,6,26,1,30.0,0,2626558.0,6510.0,5316.0,962005.0,0.0,0,0,3
2010,1,EZE,13690,303,"BUENOS AIRES,ARGENTINA",MIA,57565,33,"MIAMI,FLORIDA,USA",4M,71009,0,4405,F,6,26,1,31.0,0,2634757.0,6727.0,6011.0,944293.0,0.0,0,0,1
2009,8,EZE,13690,303,"BUENOS AIRES,ARGENTINA",MIA,57565,33,"MIAMI,FLORIDA,USA",4M,71009,0,4405,F,6,26,1,31.0,0,2692727.0,6727.0,5104.0,996085.0,0.0,0,0,3
2009,10,EZE,13690,303,"BUENOS AIRES,ARGENTINA",MIA,57565,33,"MIAMI,FLORIDA,USA",4M,71009,0,4405,F,6,26,1,28.0,0,2460729.0,6076.0,4669.0,816924.0,0.0,0,0,4
2009,7,EZE,13690,303,"BUENOS AIRES,ARGENTINA",MIA,57565,33,"MIAMI,FLORIDA,USA",4M,71009,0,4405,F,6,26,1,31.0,0,2716450.0,6727.0,5729.0,1031516.0,0.0,0,0,3
2009,6,EZE,13690,303,"BUENOS AIRES,ARGENTINA",MIA,57565,33,"MIAMI,FLORIDA,USA",4M,71009,0,4405,F,6,26,1,28.0,0,2446655.0,6078.0,3606.0,974026.0,0.0,0,0,2
2010,4,EZE,13690,303,"BUENOS AIRES,ARGENTINA",MIA,57565,33,"MIAMI,FLORIDA,USA",4M,71009,0,4405,F,6,26,1,30.0,0,2657204.0,6510.0,5081.0,1239951.0,0.0,0,0,2
2010,3,EZE,13690,303,"BUENOS AIRES,ARGENTINA",MIA,57565,33,"MIAMI,FLORIDA,USA",4M,71009,0,4405,F,6,26,1,31.0,0,2668334.0,6727.0,5534.0,1027191.0,0.0,0,0,1
2010,5,EZE,13690,303,"BUENOS AIRES,ARGENTINA",MIA,57565,33,"MIAMI,FLORIDA,USA",4M,71009,0,4405,F,6,26,1,31.0,0,2679026.0,6727.0,5643.0,1036009.0,0.0,0,0,2
2009,12,EZE,13690,303,"BUENOS AIRES,ARGENTINA",MIA,57565,33,"MIAMI,FLORIDA,USA",4M,71009,0,4405,F,6,26,1,30.0,0,2618986.0,6510.0,4971.0,1013780.0,0.0,0,0,4
2010,2,EZE,13690,303,"BUENOS AIRES,ARGENTINA",MIA,57565,33,"MIAMI,FLORIDA,USA",4M,71009,0,4405,F,6,26,1,28.0,0,2440392.0,6076.0,5181.0,912883.0,0.0,0,0,1
2009,10,MIA,57565,33,"MIAMI,FLORIDA,USA",EZE,13690,303,"BUENOS AIRES,ARGENTINA",4M,71009,0,4405,F,6,26,1,27.0,0,2366344.0,5863.0,4994.0,583022.0,0.0,0,0,4
2009,8,MIA,57565,33,"MIAMI,FLORIDA,USA",EZE,13690,303,"BUENOS AIRES,ARGENTINA",4M,71009,0,4405,F,6,26,1,31.0,0,2708424.0,6727.0,5168.0,623060.0,0.0,0,0,3
2010,1,MIA,57565,33,"MIAMI,FLORIDA,USA",EZE,13690,303,"BUENOS AIRES,ARGENTINA",4M,71009,0,4405,F,6,26,1,31.0,0,2733887.0,6727.0,4489.0,714406.0,0.0,0,0,1
2009,11,MIA,57565,33,"MIAMI,FLORIDA,USA",EZE,13690,303,"BUENOS AIRES,ARGENTINA",4M,71009,0,4405,F,6,26,1,30.0,0,2553542.0,6510.0,5166.0,624182.0,0.0,0,0,4
2009,9,MIA,57565,33,"MIAMI,FLORIDA,USA",EZE,13690,303,"BUENOS AIRES,ARGENTINA",4M,71009,0,4405,F,6,26,1,30.0,0,2626488.0,6510.0,5194.0,622318.0,0.0,0,0,3
2009,12,MIA,57565,33,"MIAMI,FLORIDA,USA",EZE,13690,303,"BUENOS AIRES,ARGENTINA",4M,71009,0,4405,F,6,26,1,30.0,0,2592933.0,6510.0,5000.0,667726.0,0.0,0,0,4
2010,2,MIA,57565,33,"MIAMI,FLORIDA,USA",EZE,13690,303,"BUENOS AIRES,ARGENTINA",4M,71009,0,4405,F,6,26,1,28.0,0,2411605.0,6076.0,5723.0,559843.0,0.0,0,0,1
2009,7,MIA,57565,33,"MIAMI,FLORIDA,USA",EZE,13690,303,"BUENOS AIRES,ARGENTINA",4M,71009,0,4405,F,6,26,1,30.0,0,2564727.0,6510.0,4543.0,602039.0,0.0,0,0,3
2009,6,MIA,57565,33,"MIAMI,FLORIDA,USA",EZE,13690,303,"BUENOS AIRES,ARGENTINA",4M,71009,0,4405,F,6,26,1,28.0,0,2443496.0,6078.0,4867.0,545226.0,0.0,0,0,2
2010,3,MIA,57565,33,"MIAMI,FLORIDA,USA",EZE,13690,303,"BUENOS AIRES,ARGENTINA",4M,71009,0,4405,F,6,26,1,31.0,0,2732396.0,6727.0,5465.0,712919.0,0.0,0,0,1
2010,4,MIA,57565,33,"MIAMI,FLORIDA,USA",EZE,13690,303,"BUENOS AIRES,ARGENTINA",4M,71009,0,4405,F,6,26,1,30.0,0,2717796.0,6510.0,4777.0,660431.0,0.0,0,0,2
2010,5,MIA,57565,33,"MIAMI,FLORIDA,USA",EZE,13690,303,"BUENOS AIRES,ARGENTINA",4M,71009,0,4405,F,6,26,1,30.0,0,2627183.0,6510.0,5238.0,678447.0,0.0,0,0,2
2009,6,MIA,57565,33,"MIAMI,FLORIDA,USA",PUJ,73930,224,"PUNTA CANA,DOMINICAN REPUBLIC",4M,71009,0,910,F,6,26,1,4.0,0,265507.0,868.0,757.0,68033.0,0.0,0,0,2
2009,7,MIA,57565,33,"MIAMI,FLORIDA,USA",PUJ,73930,224,"PUNTA CANA,DOMINICAN REPUBLIC",4M,71009,0,910,F,6,26,1,4.0,0,255383.0,868.0,793.0,61252.0,0.0,0,0,3
2010,4,MIA,57565,33,"MIAMI,FLORIDA,USA",PUJ,73930,224,"PUNTA CANA,DOMINICAN REPUBLIC",4M,71009,0,910,F,6,26,1,4.0,0,142921.0,868.0,191.0,70000.0,0.0,0,0,2
2010,3,MIA,57565,33,"MIAMI,FLORIDA,USA",PUJ,73930,224,"PUNTA CANA,DOMINICAN REPUBLIC",4M,71009,0,910,F,6,26,1,4.0,0,178611.0,868.0,271.0,80355.0,0.0,0,0,1
2010,5,MIA,57565,33,"MIAMI,FLORIDA,USA",PUJ,73930,224,"PUNTA CANA,DOMINICAN REPUBLIC",4M,71009,0,910,F,6,26,1,5.0,0,239952.0,1085.0,479.0,110361.0,0.0,0,0,2
2010,2,MIA,57565,33,"MIAMI,FLORIDA,USA",PUJ,73930,224,"PUNTA CANA,DOMINICAN REPUBLIC",4M,71009,0,910,F,6,26,1,4.0,0,150852.0,868.0,187.0,81796.0,0.0,0,0,1
2009,12,MIA,57565,33,"MIAMI,FLORIDA,USA",PUJ,73930,224,"PUNTA CANA,DOMINICAN REPUBLIC",4M,71009,0,910,F,6,26,1,4.0,0,168874.0,868.0,276.0,65333.0,0.0,0,0,4
2009,11,MIA,57565,33,"MIAMI,FLORIDA,USA",PUJ,73930,224,"PUNTA CANA,DOMINICAN REPUBLIC",4M,71009,0,910,F,6,26,1,5.0,0,205392.0,1085.0,234.0,113806.0,0.0,0,0,4
2009,9,MIA,57565,33,"MIAMI,FLORIDA,USA",PUJ,73930,224,"PUNTA CANA,DOMINICAN REPUBLIC",4M,71009,0,910,F,6,26,1,3.0,0,166982.0,651.0,233.0,88546.0,0.0,0,0,3
2010,1,MIA,57565,33,"MIAMI,FLORIDA,USA",PUJ,73930,224,"PUNTA CANA,DOMINICAN REPUBLIC",4M,71009,0,910,F,6,26,1,5.0,0,139253.0,1085.0,122.0,75753.0,0.0,0,0,1
2009,8,MIA,57565,33,"MIAMI,FLORIDA,USA",PUJ,73930,224,"PUNTA CANA,DOMINICAN REPUBLIC",4M,71009,0,910,F,6,26,1,5.0,0,324722.0,1085.0,898.0,93465.0,0.0,0,0,3
2009,10,MIA,57565,33,"MIAMI,FLORIDA,USA",PUJ,73930,224,"PUNTA CANA,DOMINICAN REPUBLIC",4M,71009,0,910,F,6,26,1,4.0,0,201298.0,868.0,333.0,88583.0,0.0,0,0,4
2010,5,MIA,57565,33,"MIAMI,FLORIDA,USA",VVI,80882,312,"SANTA CRUZ,BOLIVIA",4M,71009,0,3201,F,6,26,1,1.0,0,84234.0,217.0,167.0,25443.0,0.0,0,0,2
2009,6,PUJ,73930,224,"PUNTA CANA,DOMINICAN REPUBLIC",MIA,57565,33,"MIAMI,FLORIDA,USA",4M,71009,0,910,F,6,26,1,4.0,0,359326.0,868.0,803.0,57191.0,0.0,0,0,2
2009,7,PUJ,73930,224,"PUNTA CANA,DOMINICAN REPUBLIC",MIA,57565,33,"MIAMI,FLORIDA,USA",4M,71009,0,910,F,6,26,1,4.0,0,332429.0,868.0,798.0,71711.0,0.0,0,0,3
2010,3,PUJ,73930,224,"PUNTA CANA,DOMINICAN REPUBLIC",MIA,57565,33,"MIAMI,FLORIDA,USA",4M,71009,0,910,F,6,26,1,4.0,0,350522.0,868.0,366.0,85496.0,0.0,0,0,1
2010,4,PUJ,73930,224,"PUNTA CANA,DOMINICAN REPUBLIC",MIA,57565,33,"MIAMI,FLORIDA,USA",4M,71009,0,910,F,6,26,1,4.0,0,361682.0,868.0,548.0,150476.0,0.0,0,0,2
2010,5,PUJ,73930,224,"PUNTA CANA,DOMINICAN REPUBLIC",MIA,57565,33,"MIAMI,FLORIDA,USA",4M,71009,0,910,F,6,26,1,5.0,0,451693.0,1085.0,611.0,188485.0,0.0,0,0,2
2010,2,PUJ,73930,224,"PUNTA CANA,DOMINICAN REPUBLIC",MIA,57565,33,"MIAMI,FLORIDA,USA",4M,71009,0,910,F,6,26,1,4.0,0,332429.0,868.0,384.0,89701.0,0.0,0,0,1
2009,12,PUJ,73930,224,"PUNTA CANA,DOMINICAN REPUBLIC",MIA,57565,33,"MIAMI,FLORIDA,USA",4M,71009,0,910,F,6,26,1,4.0,0,332429.0,868.0,292.0,101618.0,0.0,0,0,4
2009,10,PUJ,73930,224,"PUNTA CANA,DOMINICAN REPUBLIC",MIA,57565,33,"MIAMI,FLORIDA,USA",4M,71009,0,910,F,6,26,1,3.0,0,266930.0,651.0,266.0,66136.0,0.0,0,0,4
2009,8,PUJ,73930,224,"PUNTA CANA,DOMINICAN REPUBLIC",MIA,57565,33,"MIAMI,FLORIDA,USA",4M,71009,0,910,F,6,26,1,5.0,0,442675.0,1085.0,986.0,120718.0,0.0,0,0,3
2009,11,PUJ,73930,224,"PUNTA CANA,DOMINICAN REPUBLIC",MIA,57565,33,"MIAMI,FLORIDA,USA",4M,71009,0,910,F,6,26,1,5.0,0,413600.0,1085.0,539.0,127131.0,0.0,0,0,4
2009,9,PUJ,73930,224,"PUNTA CANA,DOMINICAN REPUBLIC",MIA,57565,33,"MIAMI,FLORIDA,USA",4M,71009,0,910,F,6,26,1,4.0,0,330977.0,868.0,413.0,123642.0,0.0,0,0,3
2010,1,PUJ,73930,224,"PUNTA CANA,DOMINICAN REPUBLIC",MIA,57565,33,"MIAMI,FLORIDA,USA",4M,71009,0,910,F,6,26,1,5.0,0,459800.0,1085.0,524.0,97313.0,0.0,0,0,1
2010,6,EZE,13690,303,"BUENOS AIRES,ARGENTINA",MIA,57565,33,"MIAMI,FLORIDA,USA",4M,71009,0,4405,F,6,26,1,29.0,0,2526440.0,6293.0,4430.0,892274.0,0.0,0,0,2
2010,6,MIA,57565,33,"MIAMI,FLORIDA,USA",EZE,13690,303,"BUENOS AIRES,ARGENTINA",4M,71009,0,4405,F,6,26,1,28.0,0,2462170.0,6076.0,4657.0,601515.0,0.0,0,0,2
2010,6,MIA,57565,33,"MIAMI,FLORIDA,USA",MVD,59340,385,"MONTEVIDEO,URUGUAY",4M,71009,0,4462,F,6,26,1,1.0,0,99000.0,221.0,173.0,28849.0,0.0,0,0,2
2010,6,MIA,57565,33,"MIAMI,FLORIDA,USA",PUJ,73930,224,"PUNTA CANA,DOMINICAN REPUBLIC",4M,71009,0,910,F,6,26,1,4.0,0,296624.0,868.0,804.0,99323.0,0.0,0,0,2
2010,6,PUJ,73930,224,"PUNTA CANA,DOMINICAN REPUBLIC",MIA,57565,33,"MIAMI,FLORIDA,USA",4M,71009,0,910,F,6,26,1,4.0,0,362129.0,868.0,826.0,94752.0,0.0,0,0,2
2010,7,EZE,13690,303,"BUENOS AIRES,ARGENTINA",MIA,57565,33,"MIAMI,FLORIDA,USA",4M,71009,0,4405,F,6,26,1,30.0,0,2615710.0,6510.0,5260.0,952349.0,0.0,0,0,3
2010,7,MIA,57565,33,"MIAMI,FLORIDA,USA",EZE,13690,303,"BUENOS AIRES,ARGENTINA",4M,71009,0,4405,F,6,26,1,31.0,0,2680172.0,6727.0,4996.0,811809.0,0.0,0,0,3
2010,7,MIA,57565,33,"MIAMI,FLORIDA,USA",PUJ,73930,224,"PUNTA CANA,DOMINICAN REPUBLIC",4M,71009,0,910,F,6,26,1,4.0,0,325070.0,868.0,845.0,116778.0,0.0,0,0,3
2010,7,PUJ,73930,224,"PUNTA CANA,DOMINICAN REPUBLIC",MIA,57565,33,"MIAMI,FLORIDA,USA",4M,71009,0,910,F,6,26,1,4.0,0,336142.0,868.0,808.0,86907.0,0.0,0,0,3
2010,8,EZE,13690,303,"BUENOS AIRES,ARGENTINA",MIA,57565,33,"MIAMI,FLORIDA,USA",4M,71009,0,4405,F,6,26,1,29.0,0,2534717.0,6293.0,4819.0,973537.0,0.0,0,0,3
2010,8,MIA,57565,33,"MIAMI,FLORIDA,USA",COR,21310,303,"CORDOBA,ARGENTINA",4M,71009,0,4068,F,6,26,1,1.0,0,88488.0,217.0,189.0,11950.0,0.0,0,0,3
2010,8,MIA,57565,33,"MIAMI,FLORIDA,USA",EZE,13690,303,"BUENOS AIRES,ARGENTINA",4M,71009,0,4405,F,6,26,1,27.0,0,2340342.0,5859.0,4400.0,663188.0,0.0,0,0,3
2010,8,MIA,57565,33,"MIAMI,FLORIDA,USA",MVD,59340,385,"MONTEVIDEO,URUGUAY",4M,71009,0,4462,F,6,26,1,1.0,0,90246.0,217.0,186.0,20449.0,0.0,0,0,3
2010,8,MIA,57565,33,"MIAMI,FLORIDA,USA",PUJ,73930,224,"PUNTA CANA,DOMINICAN REPUBLIC",4M,71009,0,910,F,6,26,1,5.0,0,293047.0,1085.0,660.0,111010.0,0.0,0,0,3
2010,8,PUJ,73930,224,"PUNTA CANA,DOMINICAN REPUBLIC",MIA,57565,33,"MIAMI,FLORIDA,USA",4M,71009,0,910,F,6,26,1,5.0,0,425707.0,1085.0,1024.0,107945.0,0.0,0,0,3
2010,9,EZE,13690,303,"BUENOS AIRES,ARGENTINA",MIA,57565,33,"MIAMI,FLORIDA,USA",4M,71009,0,4405,F,6,26,1,30.0,0,2619940.0,6510.0,5815.0,1050467.0,0.0,0,0,3
2010,9,MIA,57565,33,"MIAMI,FLORIDA,USA",EZE,13690,303,"BUENOS AIRES,ARGENTINA",4M,71009,0,4405,F,6,26,1,30.0,0,2653662.0,6510.0,5389.0,719987.0,0.0,0,0,3
2010,9,MIA,57565,33,"MIAMI,FLORIDA,USA",PUJ,73930,224,"PUNTA CANA,DOMINICAN REPUBLIC",4M,71009,0,910,F,6,26,1,4.0,0,192064.0,868.0,253.0,98725.0,0.0,0,0,3
2010,9,PUJ,73930,224,"PUNTA CANA,DOMINICAN REPUBLIC",MIA,57565,33,"MIAMI,FLORIDA,USA",4M,71009,0,910,F,6,26,1,4.0,0,362129.0,868.0,485.0,101640.0,0.0,0,0,3
2010,10,EZE,13690,303,"BUENOS AIRES,ARGENTINA",MIA,57565,33,"MIAMI,FLORIDA,USA",4M,71009,0,4405,F,6,26,1,29.0,0,2597166.0,6293.0,5270.0,969342.0,0.0,0,0,4
2010,10,MIA,57565,33,"MIAMI,FLORIDA,USA",EZE,13690,303,"BUENOS AIRES,ARGENTINA",4M,71009,0,4405,F,6,26,1,29.0,0,2577419.0,6293.0,6022.0,702407.0,0.0,0,0,4
2010,10,MIA,57565,33,"MIAMI,FLORIDA,USA",PUJ,73930,224,"PUNTA CANA,DOMINICAN REPUBLIC",4M,71009,0,910,F,6,26,1,4.0,0,223674.0,868.0,388.0,106946.0,0.0,0,0,4
2010,10,PUJ,73930,224,"PUNTA CANA,DOMINICAN REPUBLIC",MIA,57565,33,"MIAMI,FLORIDA,USA",4M,71009,0,910,F,6,26,1,4.0,0,359348.0,868.0,500.0,130137.0,0.0,0,0,4
2010,11,EZE,13690,303,"BUENOS AIRES,ARGENTINA",MIA,57565,33,"MIAMI,FLORIDA,USA",4M,71009,0,4405,F,6,26,1,29.0,0,2604809.0,6293.0,5145.0,1139904.0,0.0,0,0,4
2010,11,MIA,57565,33,"MIAMI,FLORIDA,USA",EZE,13690,303,"BUENOS AIRES,ARGENTINA",4M,71009,0,4405,F,6,26,1,29.0,0,2575824.0,6293.0,5870.0,645498.0,0.0,0,0,4
2010,11,MIA,57565,33,"MIAMI,FLORIDA,USA",PUJ,73930,224,"PUNTA CANA,DOMINICAN REPUBLIC",4M,71009,0,910,F,6,26,1,4.0,0,240896.0,868.0,434.0,108403.0,0.0,0,0,4
2010,11,PUJ,73930,224,"PUNTA CANA,DOMINICAN REPUBLIC",MIA,57565,33,"MIAMI,FLORIDA,USA",4M,71009,0,910,F,6,26,1,4.0,0,359559.0,868.0,577.0,123427.0,0.0,0,0,4
2010,12,EZE,13690,303,"BUENOS AIRES,ARGENTINA",MIA,57565,33,"MIAMI,FLORIDA,USA",4M,71009,0,4405,F,6,26,1,30.0,0,2658766.0,6510.0,5599.0,1125909.0,0.0,0,0,4
2010,12,MIA,57565,33,"MIAMI,FLORIDA,USA",EZE,13690,303,"BUENOS AIRES,ARGENTINA",4M,71009,0,4405,F,6,26,1,30.0,0,2713344.0,6510.0,5392.0,611752.0,0.0,0,0,4
2010,12,MIA,57565,33,"MIAMI,FLORIDA,USA",PUJ,73930,224,"PUNTA CANA,DOMINICAN REPUBLIC",4M,71009,0,910,F,6,26,1,4.0,0,240566.0,868.0,529.0,91650.0,0.0,0,0,4
2010,12,PUJ,73930,224,"PUNTA CANA,DOMINICAN REPUBLIC",MIA,57565,33,"MIAMI,FLORIDA,USA",4M,71009,0,910,F,6,26,1,4.0,0,360738.0,868.0,381.0,142314.0,0.0,0,0,4
2011,1,EZE,13690,303,"BUENOS AIRES,ARGENTINA",MCO,66600,33,"ORLANDO,FLORIDA,USA",4M,71009,0,4598,F,6,26,1,1.0,0,90246.0,221.0,203.0,9064.0,0.0,0,0,1
2011,1,EZE,13690,303,"BUENOS AIRES,ARGENTINA",MIA,57565,33,"MIAMI,FLORIDA,USA",4M,71009,0,4405,F,6,26,1,30.0,0,2683619.0,6510.0,5928.0,1152826.0,0.0,0,0,1
2011,1,MCO,66600,33,"ORLANDO,FLORIDA,USA",MIA,57565,33,"MIAMI,FLORIDA,USA",4M,71009,0,193,F,6,26,1,1.0,0,99000.0,221.0,203.0,9064.0,0.0,0,0,1
2011,1,MIA,57565,33,"MIAMI,FLORIDA,USA",EZE,13690,303,"BUENOS AIRES,ARGENTINA",4M,71009,0,4405,F,6,26,1,31.0,0,2784965.0,6727.0,5124.0,605420.0,0.0,0,0,1
2011,1,MIA,57565,33,"MIAMI,FLORIDA,USA",PUJ,73930,224,"PUNTA CANA,DOMINICAN REPUBLIC",4M,71009,0,910,F,6,26,1,5.0,0,254245.0,1085.0,391.0,116637.0,0.0,0,0,1
2011,1,PUJ,73930,224,"PUNTA CANA,DOMINICAN REPUBLIC",MIA,57565,33,"MIAMI,FLORIDA,USA",4M,71009,0,910,F,6,26,1,4.0,0,362129.0,868.0,551.0,120734.0,0.0,0,0,1
2011,2,EZE,13690,303,"BUENOS AIRES,ARGENTINA",MIA,57565,33,"MIAMI,FLORIDA,USA",4M,71009,0,4405,F,6,26,1,26.0,0,2333065.0,5642.0,4246.0,931000.0,0.0,0,0,1
2011,2,MIA,57565,33,"MIAMI,FLORIDA,USA",EZE,13690,303,"BUENOS AIRES,ARGENTINA",4M,71009,0,4405,F,6,26,1,26.0,0,2334693.0,5642.0,5012.0,565074.0,0.0,0,0,1
2011,2,MIA,57565,33,"MIAMI,FLORIDA,USA",PUJ,73930,224,"PUNTA CANA,DOMINICAN REPUBLIC",4M,71009,0,910,F,6,26,1,4.0,0,203265.0,868.0,362.0,88266.0,0.0,0,0,1
2011,2,PUJ,73930,224,"PUNTA CANA,DOMINICAN REPUBLIC",MIA,57565,33,"MIAMI,FLORIDA,USA",4M,71009,0,910,F,6,26,1,4.0,0,360496.0,868.0,323.0,69452.0,0.0,0,0,1
2011,3,EZE,13690,303,"BUENOS AIRES,ARGENTINA",MIA,57565,33,"MIAMI,FLORIDA,USA",4M,71009,0,4405,F,6,26,1,30.0,0,2541592.0,6510.0,5093.0,1113603.0,0.0,0,0,1
2011,3,MIA,57565,33,"MIAMI,FLORIDA,USA",EZE,13690,303,"BUENOS AIRES,ARGENTINA",4M,71009,0,4405,F,6,26,1,27.0,0,2422845.0,5859.0,4759.0,581354.0,0.0,0,0,1
2011,3,MIA,57565,33,"MIAMI,FLORIDA,USA",PUJ,73930,224,"PUNTA CANA,DOMINICAN REPUBLIC",4M,71009,0,910,F,6,26,1,7.0,0,525943.0,1531.0,1070.0,149805.0,0.0,0,0,1
2011,3,PUJ,73930,224,"PUNTA CANA,DOMINICAN REPUBLIC",MIA,57565,33,"MIAMI,FLORIDA,USA",4M,71009,0,910,F,6,26,1,4.0,0,342481.0,868.0,506.0,153245.0,0.0,0,0,1
2011,1,EZE,1162,303,"EZEIZA,ARGENTINA",MCO,1320,33,"ORLANDO,FLORIDA,USA",4M,71009,0,4598,F,6,26,1,1.0,0,90246.0,221.0,203.0,9064.0,0.0,0,0,1
2010,12,EZE,1162,303,"EZEIZA,ARGENTINA",MIA,1330,33,"MIAMI,FLORIDA,USA",4M,71009,0,4405,F,6,26,1,30.0,0,2658766.0,6510.0,5599.0,1125909.0,0.0,0,0,4
2010,9,EZE,1162,303,"EZEIZA,ARGENTINA",MIA,1330,33,"MIAMI,FLORIDA,USA",4M,71009,0,4405,F,6,26,1,30.0,0,2619940.0,6510.0,5815.0,1050467.0,0.0,0,0,3
2010,7,EZE,1162,303,"EZEIZA,ARGENTINA",MIA,1330,33,"MIAMI,FLORIDA,USA",4M,71009,0,4405,F,6,26,1,30.0,0,2615710.0,6510.0,5260.0,952349.0,0.0,0,0,3
2010,11,EZE,1162,303,"EZEIZA,ARGENTINA",MIA,1330,33,"MIAMI,FLORIDA,USA",4M,71009,0,4405,F,6,26,1,29.0,0,2604809.0,6293.0,5145.0,1139904.0,0.0,0,0,4
2010,10,EZE,1162,303,"EZEIZA,ARGENTINA",MIA,1330,33,"MIAMI,FLORIDA,USA",4M,71009,0,4405,F,6,26,1,29.0,0,2597166.0,6293.0,5270.0,969342.0,0.0,0,0,4
2011,1,EZE,1162,303,"EZEIZA,ARGENTINA",MIA,1330,33,"MIAMI,FLORIDA,USA",4M,71009,0,4405,F,6,26,1,30.0,0,2683619.0,6510.0,5928.0,1152826.0,0.0,0,0,1
2011,3,EZE,1162,303,"EZEIZA,ARGENTINA",MIA,1330,33,"MIAMI,FLORIDA,USA",4M,71009,0,4405,F,6,26,1,30.0,0,2541592.0,6510.0,5093.0,1113603.0,0.0,0,0,1
2011,2,EZE,1162,303,"EZEIZA,ARGENTINA",MIA,1330,33,"MIAMI,FLORIDA,USA",4M,71009,0,4405,F,6,26,1,26.0,0,2333065.0,5642.0,4246.0,931000.0,0.0,0,0,1
2011,4,EZE,1162,303,"EZEIZA,ARGENTINA",MIA,1330,33,"MIAMI,FLORIDA,USA",4M,71009,0,4405,F,6,26,1,28.0,0,2519475.0,6076.0,5109.0,1166260.0,0.0,0,0,2
2010,8,EZE,1162,303,"EZEIZA,ARGENTINA",MIA,1330,33,"MIAMI,FLORIDA,USA",4M,71009,0,4405,F,6,26,1,29.0,0,2534717.0,6293.0,4819.0,973537.0,0.0,0,0,3
2010,5,EZE,1162,303,"EZEIZA,ARGENTINA",MIA,1330,33,"MIAMI,FLORIDA,USA",4M,71009,0,4405,F,6,26,1,31.0,0,2679026.0,6727.0,5643.0,1036009.0,0.0,0,0,2
2010,6,EZE,1162,303,"EZEIZA,ARGENTINA",MIA,1330,33,"MIAMI,FLORIDA,USA",4M,71009,0,4405,F,6,26,1,29.0,0,2526440.0,6293.0,4430.0,892274.0,0.0,0,0,2
2011,1,MCO,1320,33,"ORLANDO,FLORIDA,USA",MIA,1330,33,"MIAMI,FLORIDA,USA",4M,71009,0,193,F,6,26,1,1.0,0,99000.0,221.0,203.0,9064.0,0.0,0,0,1
2010,8,MIA,1330,33,"MIAMI,FLORIDA,USA",COR,1110,303,"CORDOBA,ARGENTINA",4M,71009,0,4068,F,6,26,1,1.0,0,88488.0,217.0,189.0,11950.0,0.0,0,0,3
2011,4,MIA,1330,33,"MIAMI,FLORIDA,USA",EZE,1162,303,"EZEIZA,ARGENTINA",4M,71009,0,4405,F,6,26,1,29.0,0,2604996.0,6293.0,4904.0,596699.0,0.0,0,0,2
2010,11,MIA,1330,33,"MIAMI,FLORIDA,USA",EZE,1162,303,"EZEIZA,ARGENTINA",4M,71009,0,4405,F,6,26,1,29.0,0,2575824.0,6293.0,5870.0,645498.0,0.0,0,0,4
2010,9,MIA,1330,33,"MIAMI,FLORIDA,USA",EZE,1162,303,"EZEIZA,ARGENTINA",4M,71009,0,4405,F,6,26,1,30.0,0,2653662.0,6510.0,5389.0,719987.0,0.0,0,0,3
2010,7,MIA,1330,33,"MIAMI,FLORIDA,USA",EZE,1162,303,"EZEIZA,ARGENTINA",4M,71009,0,4405,F,6,26,1,31.0,0,2680172.0,6727.0,4996.0,811809.0,0.0,0,0,3
2010,5,MIA,1330,33,"MIAMI,FLORIDA,USA",EZE,1162,303,"EZEIZA,ARGENTINA",4M,71009,0,4405,F,6,26,1,30.0,0,2627183.0,6510.0,5238.0,678447.0,0.0,0,0,2
2011,2,MIA,1330,33,"MIAMI,FLORIDA,USA",EZE,1162,303,"EZEIZA,ARGENTINA",4M,71009,0,4405,F,6,26,1,26.0,0,2334693.0,5642.0,5012.0,565074.0,0.0,0,0,1
2010,10,MIA,1330,33,"MIAMI,FLORIDA,USA",EZE,1162,303,"EZEIZA,ARGENTINA",4M,71009,0,4405,F,6,26,1,29.0,0,2577419.0,6293.0,6022.0,702407.0,0.0,0,0,4
2011,1,MIA,1330,33,"MIAMI,FLORIDA,USA",EZE,1162,303,"EZEIZA,ARGENTINA",4M,71009,0,4405,F,6,26,1,31.0,0,2784965.0,6727.0,5124.0,605420.0,0.0,0,0,1
2011,3,MIA,1330,33,"MIAMI,FLORIDA,USA",EZE,1162,303,"EZEIZA,ARGENTINA",4M,71009,0,4405,F,6,26,1,27.0,0,2422845.0,5859.0,4759.0,581354.0,0.0,0,0,1
2010,12,MIA,1330,33,"MIAMI,FLORIDA,USA",EZE,1162,303,"EZEIZA,ARGENTINA",4M,71009,0,4405,F,6,26,1,30.0,0,2713344.0,6510.0,5392.0,611752.0,0.0,0,0,4
2010,8,MIA,1330,33,"MIAMI,FLORIDA,USA",EZE,1162,303,"EZEIZA,ARGENTINA",4M,71009,0,4405,F,6,26,1,27.0,0,2340342.0,5859.0,4400.0,663188.0,0.0,0,0,3
2010,6,MIA,1330,33,"MIAMI,FLORIDA,USA",EZE,1162,303,"EZEIZA,ARGENTINA",4M,71009,0,4405,F,6,26,1,28.0,0,2462170.0,6076.0,4657.0,601515.0,0.0,0,0,2
2010,8,MIA,1330,33,"MIAMI,FLORIDA,USA",MVD,1353,385,"MONTEVIDEO,URUGUAY",4M,71009,0,4462,F,6,26,1,1.0,0,90246.0,217.0,186.0,20449.0,0.0,0,0,3
2010,6,MIA,1330,33,"MIAMI,FLORIDA,USA",MVD,1353,385,"MONTEVIDEO,URUGUAY",4M,71009,0,4462,F,6,26,1,1.0,0,99000.0,221.0,173.0,28849.0,0.0,0,0,2
2011,3,MIA,1330,33,"MIAMI,FLORIDA,USA",PUJ,1429,224,"PUNTA CANA,DOMINICAN REPUBLIC",4M,71009,0,911,F,6,26,1,7.0,0,525943.0,1531.0,1070.0,149805.0,0.0,0,0,1
2010,12,MIA,1330,33,"MIAMI,FLORIDA,USA",PUJ,1429,224,"PUNTA CANA,DOMINICAN REPUBLIC",4M,71009,0,911,F,6,26,1,4.0,0,240566.0,868.0,529.0,91650.0,0.0,0,0,4
2010,11,MIA,1330,33,"MIAMI,FLORIDA,USA",PUJ,1429,224,"PUNTA CANA,DOMINICAN REPUBLIC",4M,71009,0,911,F,6,26,1,4.0,0,240896.0,868.0,434.0,108403.0,0.0,0,0,4
2011,2,MIA,1330,33,"MIAMI,FLORIDA,USA",PUJ,1429,224,"PUNTA CANA,DOMINICAN REPUBLIC",4M,71009,0,911,F,6,26,1,4.0,0,203265.0,868.0,362.0,88266.0,0.0,0,0,1
2011,4,MIA,1330,33,"MIAMI,FLORIDA,USA",PUJ,1429,224,"PUNTA CANA,DOMINICAN REPUBLIC",4M,71009,0,911,F,6,26,1,4.0,0,301737.0,868.0,542.0,66708.0,0.0,0,0,2
2011,1,MIA,1330,33,"MIAMI,FLORIDA,USA",PUJ,1429,224,"PUNTA CANA,DOMINICAN REPUBLIC",4M,71009,0,911,F,6,26,1,5.0,0,254245.0,1085.0,391.0,116637.0,0.0,0,0,1
2010,7,MIA,1330,33,"MIAMI,FLORIDA,USA",PUJ,1429,224,"PUNTA CANA,DOMINICAN REPUBLIC",4M,71009,0,911,F,6,26,1,4.0,0,325070.0,868.0,845.0,116778.0,0.0,0,0,3
2010,9,MIA,1330,33,"MIAMI,FLORIDA,USA",PUJ,1429,224,"PUNTA CANA,DOMINICAN REPUBLIC",4M,71009,0,911,F,6,26,1,4.0,0,192064.0,868.0,253.0,98725.0,0.0,0,0,3
2010,5,MIA,1330,33,"MIAMI,FLORIDA,USA",PUJ,1429,224,"PUNTA CANA,DOMINICAN REPUBLIC",4M,71009,0,911,F,6,26,1,5.0,0,239952.0,1085.0,479.0,110361.0,0.0,0,0,2
2010,6,MIA,1330,33,"MIAMI,FLORIDA,USA",PUJ,1429,224,"PUNTA CANA,DOMINICAN REPUBLIC",4M,71009,0,911,F,6,26,1,4.0,0,296624.0,868.0,804.0,99323.0,0.0,0,0,2
2010,8,MIA,1330,33,"MIAMI,FLORIDA,USA",PUJ,1429,224,"PUNTA CANA,DOMINICAN REPUBLIC",4M,71009,0,911,F,6,26,1,5.0,0,293047.0,1085.0,660.0,111010.0,0.0,0,0,3
2010,10,MIA,1330,33,"MIAMI,FLORIDA,USA",PUJ,1429,224,"PUNTA CANA,DOMINICAN REPUBLIC",4M,71009,0,911,F,6,26,1,4.0,0,223674.0,868.0,388.0,106946.0,0.0,0,0,4
2010,5,MIA,1330,33,"MIAMI,FLORIDA,USA",VVI,1564,312,"SANTA CRUZ,BOLIVIA",4M,71009,0,3201,F,6,26,1,1.0,0,84234.0,217.0,167.0,25443.0,0.0,0,0,2
2010,11,PUJ,1429,224,"PUNTA CANA,DOMINICAN REPUBLIC",MIA,1330,33,"MIAMI,FLORIDA,USA",4M,71009,0,911,F,6,26,1,4.0,0,359559.0,868.0,577.0,123427.0,0.0,0,0,4
2011,4,PUJ,1429,224,"PUNTA CANA,DOMINICAN REPUBLIC",MIA,1330,33,"MIAMI,FLORIDA,USA",4M,71009,0,911,F,6,26,1,4.0,0,361504.0,868.0,519.0,148856.0,0.0,0,0,2
2011,1,PUJ,1429,224,"PUNTA CANA,DOMINICAN REPUBLIC",MIA,1330,33,"MIAMI,FLORIDA,USA",4M,71009,0,911,F,6,26,1,4.0,0,362129.0,868.0,551.0,120734.0,0.0,0,0,1
2010,10,PUJ,1429,224,"PUNTA CANA,DOMINICAN REPUBLIC",MIA,1330,33,"MIAMI,FLORIDA,USA",4M,71009,0,911,F,6,26,1,4.0,0,359348.0,868.0,500.0,130137.0,0.0,0,0,4
2010,6,PUJ,1429,224,"PUNTA CANA,DOMINICAN REPUBLIC",MIA,1330,33,"MIAMI,FLORIDA,USA",4M,71009,0,911,F,6,26,1,4.0,0,362129.0,868.0,826.0,94752.0,0.0,0,0,2
2010,5,PUJ,1429,224,"PUNTA CANA,DOMINICAN REPUBLIC",MIA,1330,33,"MIAMI,FLORIDA,USA",4M,71009,0,911,F,6,26,1,5.0,0,451693.0,1085.0,611.0,188485.0,0.0,0,0,2
2010,9,PUJ,1429,224,"PUNTA CANA,DOMINICAN REPUBLIC",MIA,1330,33,"MIAMI,FLORIDA,USA",4M,71009,0,911,F,6,26,1,4.0,0,362129.0,868.0,485.0,101640.0,0.0,0,0,3
2010,7,PUJ,1429,224,"PUNTA CANA,DOMINICAN REPUBLIC",MIA,1330,33,"MIAMI,FLORIDA,USA",4M,71009,0,911,F,6,26,1,4.0,0,336142.0,868.0,808.0,86907.0,0.0,0,0,3
2011,2,PUJ,1429,224,"PUNTA CANA,DOMINICAN REPUBLIC",MIA,1330,33,"MIAMI,FLORIDA,USA",4M,71009,0,911,F,6,26,1,4.0,0,360496.0,868.0,323.0,69452.0,0.0,0,0,1
2011,3,PUJ,1429,224,"PUNTA CANA,DOMINICAN REPUBLIC",MIA,1330,33,"MIAMI,FLORIDA,USA",4M,71009,0,911,F,6,26,1,4.0,0,342481.0,868.0,506.0,153245.0,0.0,0,0,1
2010,12,PUJ,1429,224,"PUNTA CANA,DOMINICAN REPUBLIC",MIA,1330,33,"MIAMI,FLORIDA,USA",4M,71009,0,911,F,6,26,1,4.0,0,360738.0,868.0,381.0,142314.0,0.0,0,0,4
2010,8,PUJ,1429,224,"PUNTA CANA,DOMINICAN REPUBLIC",MIA,1330,33,"MIAMI,FLORIDA,USA",4M,71009,0,911,F,6,26,1,5.0,0,425707.0,1085.0,1024.0,107945.0,0.0,0,0,3
2011,5,EZE,1162,303,"EZEIZA,ARGENTINA",MIA,1330,33,"MIAMI,FLORIDA,USA",4M,71009,0,4405,F,6,26,1,29.0,0,2576695.0,6293.0,5359.0,1045150.0,0.0,0,0,2
2011,5,MIA,1330,33,"MIAMI,FLORIDA,USA",EZE,1162,303,"EZEIZA,ARGENTINA",4M,71009,0,4405,F,6,26,1,29.0,0,2569899.0,6293.0,5382.0,613802.0,0.0,0,0,2
2011,5,MIA,1330,33,"MIAMI,FLORIDA,USA",PUJ,1429,224,"PUNTA CANA,DOMINICAN REPUBLIC",4M,71009,0,911,F,6,26,1,5.0,0,371252.0,1085.0,1012.0,107939.0,0.0,0,0,2
2011,5,PUJ,1429,224,"PUNTA CANA,DOMINICAN REPUBLIC",MIA,1330,33,"MIAMI,FLORIDA,USA",4M,71009,0,911,F,6,26,1,5.0,0,450232.0,1085.0,987.0,173917.0,0.0,0,0,2
2011,6,EZE,1162,303,"EZEIZA,ARGENTINA",MIA,1330,33,"MIAMI,FLORIDA,USA",4M,71009,0,4405,F,6,26,1,27.0,0,2421107.0,5863.0,5045.0,781979.0,0.0,0,0,2
2011,6,MIA,1330,33,"MIAMI,FLORIDA,USA",COR,1110,303,"CORDOBA,ARGENTINA",4M,71009,0,4068,F,6,26,1,1.0,0,90587.0,221.0,170.0,0.0,0.0,0,0,2
2011,6,MIA,1330,33,"MIAMI,FLORIDA,USA",EZE,1162,303,"EZEIZA,ARGENTINA",4M,71009,0,4405,F,6,26,1,25.0,0,2212896.0,5425.0,4882.0,499664.0,0.0,0,0,2
2011,6,MIA,1330,33,"MIAMI,FLORIDA,USA",PUJ,1429,224,"PUNTA CANA,DOMINICAN REPUBLIC",4M,71009,0,911,F,6,26,1,4.0,0,282132.0,868.0,838.0,68127.0,0.0,0,0,2
2011,6,MIA,1330,33,"MIAMI,FLORIDA,USA",SCL,1471,324,"SANTIAGO,CHILE",4M,71009,0,4117,F,6,26,1,1.0,0,99000.0,221.0,0.0,0.0,0.0,0,0,2
2011,6,PUJ,1429,224,"PUNTA CANA,DOMINICAN REPUBLIC",MIA,1330,33,"MIAMI,FLORIDA,USA",4M,71009,0,911,F,6,26,1,4.0,0,360862.0,868.0,832.0,130185.0,0.0,0,0,2
2011,7,EZE,1162,303,"EZEIZA,ARGENTINA",MIA,1330,33,"MIAMI,FLORIDA,USA",4M,71009,0,4406,F,6,26,1,30.0,0,2688081.0,6510.0,5887.0,885436.0,0.0,0,0,3
2011,7,MIA,1330,33,"MIAMI,FLORIDA,USA",COR,1110,303,"CORDOBA,ARGENTINA",4M,71009,0,4069,F,6,26,1,1.0,0,80509.0,221.0,170.0,32901.0,0.0,0,0,3
2011,7,MIA,1330,33,"MIAMI,FLORIDA,USA",EZE,1162,303,"EZEIZA,ARGENTINA",4M,71009,0,4406,F,6,26,1,29.0,0,2581583.0,6301.0,5295.0,572117.0,0.0,0,0,3
2011,7,MIA,1330,33,"MIAMI,FLORIDA,USA",PUJ,1429,224,"PUNTA CANA,DOMINICAN REPUBLIC",4M,71009,0,911,F,6,26,1,5.0,0,345556.0,1085.0,1042.0,99515.0,0.0,0,0,3
2011,7,PUJ,1429,224,"PUNTA CANA,DOMINICAN REPUBLIC",MIA,1330,33,"MIAMI,FLORIDA,USA",4M,71009,0,911,F,6,26,1,5.0,0,451251.0,1085.0,1047.0,142589.0,0.0,0,0,3
2011,8,EZE,1162,303,"EZEIZA,ARGENTINA",MIA,1330,33,"MIAMI,FLORIDA,USA",4M,71009,0,4406,F,6,26,1,30.0,0,2691214.0,6510.0,5344.0,943265.0,0.0,0,0,3
2011,8,MIA,1330,33,"MIAMI,FLORIDA,USA",EZE,1162,303,"EZEIZA,ARGENTINA",4M,71009,0,4406,F,6,26,1,30.0,0,2704819.0,6510.0,5385.0,583810.0,0.0,0,0,3
2011,8,MIA,1330,33,"MIAMI,FLORIDA,USA",PUJ,1429,224,"PUNTA CANA,DOMINICAN REPUBLIC",4M,71009,0,911,F,6,26,1,4.0,0,276586.0,868.0,636.0,113038.0,0.0,0,0,3
2011,8,PUJ,1429,224,"PUNTA CANA,DOMINICAN REPUBLIC",MIA,1330,33,"MIAMI,FLORIDA,USA",4M,71009,0,911,F,6,26,1,4.0,0,361557.0,868.0,821.0,116591.0,0.0,0,0,3
2011,9,EZE,1162,303,"EZEIZA,ARGENTINA",MIA,1330,33,"MIAMI,FLORIDA,USA",4M,71009,0,4406,F,6,26,1,28.0,0,2525083.0,6076.0,5223.0,1162020.0,0.0,0,0,3
2011,9,MIA,1330,33,"MIAMI,FLORIDA,USA",EZE,1162,303,"EZEIZA,ARGENTINA",4M,71009,0,4406,F,6,26,1,28.0,0,2535214.0,6085.0,5250.0,669416.0,0.0,0,0,3
2011,9,MIA,1330,33,"MIAMI,FLORIDA,USA",PUJ,1429,224,"PUNTA CANA,DOMINICAN REPUBLIC",4M,71009,0,911,F,6,26,1,4.0,0,268314.0,868.0,585.0,106726.0,0.0,0,0,3
2011,9,PUJ,1429,224,"PUNTA CANA,DOMINICAN REPUBLIC",MIA,1330,33,"MIAMI,FLORIDA,USA",4M,71009,0,911,F,6,26,1,4.0,0,361557.0,868.0,692.0,150051.0,0.0,0,0,3
2011,1,EZE,30181,303,"EZEIZA,ARGENTINA",MCO,31454,33,"ORLANDO,FLORIDA,USA",4M,71009,0,4598,F,6,26,1,1.0,0,90246.0,221.0,203.0,9064.0,0.0,0,0,1
2011,8,EZE,30181,303,"EZEIZA,ARGENTINA",MIA,32467,33,"MIAMI,FLORIDA,USA",4M,71009,0,4406,F,6,26,1,30.0,0,2691214.0,6510.0,5344.0,943265.0,0.0,0,0,3
2011,5,EZE,30181,303,"EZEIZA,ARGENTINA",MIA,32467,33,"MIAMI,FLORIDA,USA",4M,71009,0,4405,F,6,26,1,29.0,0,2576695.0,6293.0,5359.0,1045150.0,0.0,0,0,2
2011,3,EZE,30181,303,"EZEIZA,ARGENTINA",MIA,32467,33,"MIAMI,FLORIDA,USA",4M,71009,0,4405,F,6,26,1,30.0,0,2541592.0,6510.0,5093.0,1113603.0,0.0,0,0,1
2011,6,EZE,30181,303,"EZEIZA,ARGENTINA",MIA,32467,33,"MIAMI,FLORIDA,USA",4M,71009,0,4405,F,6,26,1,27.0,0,2421107.0,5863.0,5045.0,781979.0,0.0,0,0,2
2011,2,EZE,30181,303,"EZEIZA,ARGENTINA",MIA,32467,33,"MIAMI,FLORIDA,USA",4M,71009,0,4405,F,6,26,1,26.0,0,2333065.0,5642.0,4246.0,931000.0,0.0,0,0,1
2011,7,EZE,30181,303,"EZEIZA,ARGENTINA",MIA,32467,33,"MIAMI,FLORIDA,USA",4M,71009,0,4406,F,6,26,1,30.0,0,2688081.0,6510.0,5887.0,885436.0,0.0,0,0,3
2011,9,EZE,30181,303,"EZEIZA,ARGENTINA",MIA,32467,33,"MIAMI,FLORIDA,USA",4M,71009,0,4406,F,6,26,1,28.0,0,2525083.0,6076.0,5223.0,1162020.0,0.0,0,0,3
2011,10,EZE,30181,303,"EZEIZA,ARGENTINA",MIA,32467,33,"MIAMI,FLORIDA,USA",4M,71009,0,4406,F,6,26,1,28.0,0,2512479.0,6076.0,5071.0,985400.0,0.0,0,0,4
2010,11,EZE,30181,303,"EZEIZA,ARGENTINA",MIA,32467,33,"MIAMI,FLORIDA,USA",4M,71009,0,4405,F,6,26,1,29.0,0,2604809.0,6293.0,5145.0,1139904.0,0.0,0,0,4
2010,12,EZE,30181,303,"EZEIZA,ARGENTINA",MIA,32467,33,"MIAMI,FLORIDA,USA",4M,71009,0,4405,F,6,26,1,30.0,0,2658766.0,6510.0,5599.0,1125909.0,0.0,0,0,4
2011,4,EZE,30181,303,"EZEIZA,ARGENTINA",MIA,32467,33,"MIAMI,FLORIDA,USA",4M,71009,0,4405,F,6,26,1,28.0,0,2519475.0,6076.0,5109.0,1166260.0,0.0,0,0,2
2011,1,EZE,30181,303,"EZEIZA,ARGENTINA",MIA,32467,33,"MIAMI,FLORIDA,USA",4M,71009,0,4405,F,6,26,1,30.0,0,2683619.0,6510.0,5928.0,1152826.0,0.0,0,0,1
2011,1,MCO,31454,33,"ORLANDO,FLORIDA,USA",MIA,32467,33,"MIAMI,FLORIDA,USA",4M,71009,0,193,F,6,26,1,1.0,0,99000.0,221.0,203.0,9064.0,0.0,0,0,1
2011,6,MIA,32467,33,"MIAMI,FLORIDA,USA",COR,31108,303,"CORDOBA,ARGENTINA",4M,71009,0,4068,F,6,26,1,1.0,0,90587.0,221.0,170.0,0.0,0.0,0,0,2
2011,7,MIA,32467,33,"MIAMI,FLORIDA,USA",COR,31108,303,"CORDOBA,ARGENTINA",4M,71009,0,4069,F,6,26,1,1.0,0,80509.0,221.0,170.0,32901.0,0.0,0,0,3
2011,2,MIA,32467,33,"MIAMI,FLORIDA,USA",EZE,30181,303,"EZEIZA,ARGENTINA",4M,71009,0,4405,F,6,26,1,26.0,0,2334693.0,5642.0,5012.0,565074.0,0.0,0,0,1
2010,12,MIA,32467,33,"MIAMI,FLORIDA,USA",EZE,30181,303,"EZEIZA,ARGENTINA",4M,71009,0,4405,F,6,26,1,30.0,0,2713344.0,6510.0,5392.0,611752.0,0.0,0,0,4
2010,11,MIA,32467,33,"MIAMI,FLORIDA,USA",EZE,30181,303,"EZEIZA,ARGENTINA",4M,71009,0,4405,F,6,26,1,29.0,0,2575824.0,6293.0,5870.0,645498.0,0.0,0,0,4
2011,1,MIA,32467,33,"MIAMI,FLORIDA,USA",EZE,30181,303,"EZEIZA,ARGENTINA",4M,71009,0,4405,F,6,26,1,31.0,0,2784965.0,6727.0,5124.0,605420.0,0.0,0,0,1
2011,3,MIA,32467,33,"MIAMI,FLORIDA,USA",EZE,30181,303,"EZEIZA,ARGENTINA",4M,71009,0,4405,F,6,26,1,27.0,0,2422845.0,5859.0,4759.0,581354.0,0.0,0,0,1
2011,5,MIA,32467,33,"MIAMI,FLORIDA,USA",EZE,30181,303,"EZEIZA,ARGENTINA",4M,71009,0,4405,F,6,26,1,29.0,0,2569899.0,6293.0,5382.0,613802.0,0.0,0,0,2
2011,4,MIA,32467,33,"MIAMI,FLORIDA,USA",EZE,30181,303,"EZEIZA,ARGENTINA",4M,71009,0,4405,F,6,26,1,29.0,0,2604996.0,6293.0,4904.0,596699.0,0.0,0,0,2
2011,6,MIA,32467,33,"MIAMI,FLORIDA,USA",EZE,30181,303,"EZEIZA,ARGENTINA",4M,71009,0,4405,F,6,26,1,25.0,0,2212896.0,5425.0,4882.0,499664.0,0.0,0,0,2
2011,8,MIA,32467,33,"MIAMI,FLORIDA,USA",EZE,30181,303,"EZEIZA,ARGENTINA",4M,71009,0,4406,F,6,26,1,30.0,0,2704819.0,6510.0,5385.0,583810.0,0.0,0,0,3
2011,10,MIA,32467,33,"MIAMI,FLORIDA,USA",EZE,30181,303,"EZEIZA,ARGENTINA",4M,71009,0,4406,F,6,26,1,28.0,0,2518221.0,6076.0,5392.0,533137.0,0.0,0,0,4
2011,7,MIA,32467,33,"MIAMI,FLORIDA,USA",EZE,30181,303,"EZEIZA,ARGENTINA",4M,71009,0,4406,F,6,26,1,29.0,0,2581583.0,6301.0,5295.0,572117.0,0.0,0,0,3
2011,9,MIA,32467,33,"MIAMI,FLORIDA,USA",EZE,30181,303,"EZEIZA,ARGENTINA",4M,71009,0,4406,F,6,26,1,28.0,0,2535214.0,6085.0,5250.0,669416.0,0.0,0,0,3
2011,6,MIA,32467,33,"MIAMI,FLORIDA,USA",PUJ,34293,224,"PUNTA CANA,DOMINICAN REPUBLIC",4M,71009,0,911,F,6,26,1,4.0,0,282132.0,868.0,838.0,68127.0,0.0,0,0,2
2011,5,MIA,32467,33,"MIAMI,FLORIDA,USA",PUJ,34293,224,"PUNTA CANA,DOMINICAN REPUBLIC",4M,71009,0,911,F,6,26,1,5.0,0,371252.0,1085.0,1012.0,107939.0,0.0,0,0,2
2010,11,MIA,32467,33,"MIAMI,FLORIDA,USA",PUJ,34293,224,"PUNTA CANA,DOMINICAN REPUBLIC",4M,71009,0,911,F,6,26,1,4.0,0,240896.0,868.0,434.0,108403.0,0.0,0,0,4
2010,12,MIA,32467,33,"MIAMI,FLORIDA,USA",PUJ,34293,224,"PUNTA CANA,DOMINICAN REPUBLIC",4M,71009,0,911,F,6,26,1,4.0,0,240566.0,868.0,529.0,91650.0,0.0,0,0,4
2011,4,MIA,32467,33,"MIAMI,FLORIDA,USA",PUJ,34293,224,"PUNTA CANA,DOMINICAN REPUBLIC",4M,71009,0,911,F,6,26,1,4.0,0,301737.0,868.0,542.0,66708.0,0.0,0,0,2
2011,1,MIA,32467,33,"MIAMI,FLORIDA,USA",PUJ,34293,224,"PUNTA CANA,DOMINICAN REPUBLIC",4M,71009,0,911,F,6,26,1,5.0,0,254245.0,1085.0,391.0,116637.0,0.0,0,0,1
2011,2,MIA,32467,33,"MIAMI,FLORIDA,USA",PUJ,34293,224,"PUNTA CANA,DOMINICAN REPUBLIC",4M,71009,0,911,F,6,26,1,4.0,0,203265.0,868.0,362.0,88266.0,0.0,0,0,1
2011,3,MIA,32467,33,"MIAMI,FLORIDA,USA",PUJ,34293,224,"PUNTA CANA,DOMINICAN REPUBLIC",4M,71009,0,911,F,6,26,1,7.0,0,525943.0,1531.0,1070.0,149805.0,0.0,0,0,1
2011,8,MIA,32467,33,"MIAMI,FLORIDA,USA",PUJ,34293,224,"PUNTA CANA,DOMINICAN REPUBLIC",4M,71009,0,911,F,6,26,1,4.0,0,276586.0,868.0,636.0,113038.0,0.0,0,0,3
2011,10,MIA,32467,33,"MIAMI,FLORIDA,USA",PUJ,34293,224,"PUNTA CANA,DOMINICAN REPUBLIC",4M,71009,0,911,F,6,26,1,5.0,0,307364.0,1085.0,545.0,103488.0,0.0,0,0,4
2011,7,MIA,32467,33,"MIAMI,FLORIDA,USA",PUJ,34293,224,"PUNTA CANA,DOMINICAN REPUBLIC",4M,71009,0,911,F,6,26,1,5.0,0,345556.0,1085.0,1042.0,99515.0,0.0,0,0,3
2011,9,MIA,32467,33,"MIAMI,FLORIDA,USA",PUJ,34293,224,"PUNTA CANA,DOMINICAN REPUBLIC",4M,71009,0,911,F,6,26,1,4.0,0,268314.0,868.0,585.0,106726.0,0.0,0,0,3
2011,6,MIA,32467,33,"MIAMI,FLORIDA,USA",SCL,34717,324,"SANTIAGO,CHILE",4M,71009,0,4117,F,6,26,1,1.0,0,99000.0,221.0,0.0,0.0,0.0,0,0,2
2011,6,PUJ,34293,224,"PUNTA CANA,DOMINICAN REPUBLIC",MIA,32467,33,"MIAMI,FLORIDA,USA",4M,71009,0,911,F,6,26,1,4.0,0,360862.0,868.0,832.0,130185.0,0.0,0,0,2
2011,4,PUJ,34293,224,"PUNTA CANA,DOMINICAN REPUBLIC",MIA,32467,33,"MIAMI,FLORIDA,USA",4M,71009,0,911,F,6,26,1,4.0,0,361504.0,868.0,519.0,148856.0,0.0,0,0,2
2011,5,PUJ,34293,224,"PUNTA CANA,DOMINICAN REPUBLIC",MIA,32467,33,"MIAMI,FLORIDA,USA",4M,71009,0,911,F,6,26,1,5.0,0,450232.0,1085.0,987.0,173917.0,0.0,0,0,2
2010,11,PUJ,34293,224,"PUNTA CANA,DOMINICAN REPUBLIC",MIA,32467,33,"MIAMI,FLORIDA,USA",4M,71009,0,911,F,6,26,1,4.0,0,359559.0,868.0,577.0,123427.0,0.0,0,0,4
2010,12,PUJ,34293,224,"PUNTA CANA,DOMINICAN REPUBLIC",MIA,32467,33,"MIAMI,FLORIDA,USA",4M,71009,0,911,F,6,26,1,4.0,0,360738.0,868.0,381.0,142314.0,0.0,0,0,4
2011,8,PUJ,34293,224,"PUNTA CANA,DOMINICAN REPUBLIC",MIA,32467,33,"MIAMI,FLORIDA,USA",4M,71009,0,911,F,6,26,1,4.0,0,361557.0,868.0,821.0,116591.0,0.0,0,0,3
2011,1,PUJ,34293,224,"PUNTA CANA,DOMINICAN REPUBLIC",MIA,32467,33,"MIAMI,FLORIDA,USA",4M,71009,0,911,F,6,26,1,4.0,0,362129.0,868.0,551.0,120734.0,0.0,0,0,1
2011,2,PUJ,34293,224,"PUNTA CANA,DOMINICAN REPUBLIC",MIA,32467,33,"MIAMI,FLORIDA,USA",4M,71009,0,911,F,6,26,1,4.0,0,360496.0,868.0,323.0,69452.0,0.0,0,0,1
2011,10,PUJ,34293,224,"PUNTA CANA,DOMINICAN REPUBLIC",MIA,32467,33,"MIAMI,FLORIDA,USA",4M,71009,0,911,F,6,26,1,5.0,0,399456.0,1085.0,656.0,188925.0,0.0,0,0,4
2011,3,PUJ,34293,224,"PUNTA CANA,DOMINICAN REPUBLIC",MIA,32467,33,"MIAMI,FLORIDA,USA",4M,71009,0,911,F,6,26,1,4.0,0,342481.0,868.0,506.0,153245.0,0.0,0,0,1
2011,7,PUJ,34293,224,"PUNTA CANA,DOMINICAN REPUBLIC",MIA,32467,33,"MIAMI,FLORIDA,USA",4M,71009,0,911,F,6,26,1,5.0,0,451251.0,1085.0,1047.0,142589.0,0.0,0,0,3
2011,9,PUJ,34293,224,"PUNTA CANA,DOMINICAN REPUBLIC",MIA,32467,33,"MIAMI,FLORIDA,USA",4M,71009,0,911,F,6,26,1,4.0,0,361557.0,868.0,692.0,150051.0,0.0,0,0,3
2011,11,EZE,30181,303,"EZEIZA,ARGENTINA",MIA,32467,33,"MIAMI,FLORIDA,USA",4M,71009,0,4406,F,6,26,1,30.0,0,2675418.0,6510.0,4981.0,1243196.0,0.0,0,0,4
2011,11,MIA,32467,33,"MIAMI,FLORIDA,USA",EZE,30181,303,"EZEIZA,ARGENTINA",4M,71009,0,4406,F,6,26,1,30.0,0,2682768.0,6510.0,5352.0,672588.0,0.0,0,0,4
2011,11,MIA,32467,33,"MIAMI,FLORIDA,USA",PUJ,34293,224,"PUNTA CANA,DOMINICAN REPUBLIC",4M,71009,0,911,F,6,26,1,4.0,0,250818.0,868.0,446.0,123642.0,0.0,0,0,4
2011,11,PUJ,34293,224,"PUNTA CANA,DOMINICAN REPUBLIC",MIA,32467,33,"MIAMI,FLORIDA,USA",4M,71009,0,911,F,6,26,1,4.0,0,361768.0,868.0,605.0,144078.0,0.0,0,0,4
2011,12,EZE,30181,303,"EZEIZA,ARGENTINA",MIA,32467,33,"MIAMI,FLORIDA,USA",4M,71009,0,4406,F,6,26,1,31.0,0,2795646.0,6727.0,5711.0,1300339.0,0.0,0,0,4
2011,12,MIA,32467,33,"MIAMI,FLORIDA,USA",EZE,30181,303,"EZEIZA,ARGENTINA",4M,71009,0,4406,F,6,26,1,31.0,0,2806025.0,6727.0,5158.0,584659.0,0.0,0,0,4
2011,12,MIA,32467,33,"MIAMI,FLORIDA,USA",PUJ,34293,224,"PUNTA CANA,DOMINICAN REPUBLIC",4M,71009,0,911,F,6,26,1,4.0,0,244174.0,868.0,493.0,98386.0,0.0,0,0,4
2011,12,PUJ,34293,224,"PUNTA CANA,DOMINICAN REPUBLIC",MIA,32467,33,"MIAMI,FLORIDA,USA",4M,71009,0,911,F,6,26,1,4.0,0,361557.0,868.0,466.0,126183.0,0.0,0,0,4
2012,1,EZE,30181,303,"EZEIZA,ARGENTINA",MIA,32467,33,"MIAMI,FLORIDA,USA",4M,71009,0,4406,F,6,26,1,31.0,0,2805139.0,6727.0,6455.0,1185279.0,0.0,0,0,1
2012,1,MIA,32467,33,"MIAMI,FLORIDA,USA",EZE,30181,303,"EZEIZA,ARGENTINA",4M,71009,0,4406,F,6,26,1,31.0,0,2814803.0,6727.0,5445.0,692914.0,0.0,0,0,1
2012,1,MIA,32467,33,"MIAMI,FLORIDA,USA",PUJ,34293,224,"PUNTA CANA,DOMINICAN REPUBLIC",4M,71009,0,911,F,6,26,1,5.0,0,223608.0,1075.0,345.0,92325.0,0.0,0,0,1
2012,1,PUJ,34293,224,"PUNTA CANA,DOMINICAN REPUBLIC",MIA,32467,33,"MIAMI,FLORIDA,USA",4M,71009,0,911,F,6,26,1,5.0,0,451825.0,1077.0,564.0,170548.0,0.0,0,0,1
2012,2,EZE,30181,303,"EZEIZA,ARGENTINA",MIA,32467,33,"MIAMI,FLORIDA,USA",4M,71009,0,4406,F,6,26,1,28.0,0,2544351.0,6076.0,4779.0,1024448.0,0.0,0,0,1
2012,2,MIA,32467,33,"MIAMI,FLORIDA,USA",EZE,30181,303,"EZEIZA,ARGENTINA",4M,71009,0,4406,F,6,26,1,28.0,0,2522161.0,6076.0,5649.0,387750.0,0.0,0,0,1
2012,2,MIA,32467,33,"MIAMI,FLORIDA,USA",PUJ,34293,224,"PUNTA CANA,DOMINICAN REPUBLIC",4M,71009,0,911,F,6,26,1,4.0,0,114723.0,868.0,205.0,39552.0,0.0,0,0,1
2012,2,PUJ,34293,224,"PUNTA CANA,DOMINICAN REPUBLIC",MIA,32467,33,"MIAMI,FLORIDA,USA",4M,71009,0,911,F,6,26,1,4.0,0,361484.0,860.0,367.0,131758.0,0.0,0,0,1
2012,3,EZE,30181,303,"EZEIZA,ARGENTINA",MIA,32467,33,"MIAMI,FLORIDA,USA",4M,71009,0,4406,F,6,26,1,31.0,0,2803304.0,6729.0,6005.0,1334520.0,0.0,0,0,1
2012,3,MIA,32467,33,"MIAMI,FLORIDA,USA",EZE,30181,303,"EZEIZA,ARGENTINA",4M,71009,0,4406,F,6,26,1,31.0,0,2784285.0,6729.0,5834.0,515082.0,0.0,0,0,1
2012,3,MIA,32467,33,"MIAMI,FLORIDA,USA",PUJ,34293,224,"PUNTA CANA,DOMINICAN REPUBLIC",4M,71009,0,911,F,6,26,1,4.0,0,212197.0,864.0,441.0,82018.0,0.0,0,0,1
2012,3,PUJ,34293,224,"PUNTA CANA,DOMINICAN REPUBLIC",MIA,32467,33,"MIAMI,FLORIDA,USA",4M,71009,0,911,F,6,26,1,4.0,0,361557.0,860.0,438.0,166408.0,0.0,0,0,1
2012,4,EZE,30181,303,"EZEIZA,ARGENTINA",MIA,32467,33,"MIAMI,FLORIDA,USA",4M,71009,0,4406,F,6,26,1,30.0,0,2694584.0,6514.0,6132.0,1221150.0,0.0,0,0,2
2012,4,MIA,32467,33,"MIAMI,FLORIDA,USA",EZE,30181,303,"EZEIZA,ARGENTINA",4M,71009,0,4406,F,6,26,1,30.0,0,2664055.0,6496.0,6044.0,484246.0,0.0,0,0,2
2012,4,MIA,32467,33,"MIAMI,FLORIDA,USA",PUJ,34293,224,"PUNTA CANA,DOMINICAN REPUBLIC",4M,71009,0,911,F,6,26,1,5.0,0,305593.0,1075.0,823.0,88178.0,0.0,0,0,2
2012,4,PUJ,34293,224,"PUNTA CANA,DOMINICAN REPUBLIC",MIA,32467,33,"MIAMI,FLORIDA,USA",4M,71009,0,911,F,6,26,1,5.0,0,451922.0,1075.0,735.0,195855.0,0.0,0,0,2
2012,5,EZE,30181,303,"EZEIZA,ARGENTINA",MIA,32467,33,"MIAMI,FLORIDA,USA",4M,71009,0,4406,F,6,26,1,31.0,0,2774077.0,6713.0,6080.0,1288813.0,0.0,0,0,2
2012,5,MIA,32467,33,"MIAMI,FLORIDA,USA",EZE,30181,303,"EZEIZA,ARGENTINA",4M,71009,0,4406,F,6,26,1,31.0,0,2762527.0,6711.0,6381.0,593663.0,0.0,0,0,2
2012,5,MIA,32467,33,"MIAMI,FLORIDA,USA",PUJ,34293,224,"PUNTA CANA,DOMINICAN REPUBLIC",4M,71009,0,911,F,6,26,1,4.0,0,287652.0,860.0,788.0,82553.0,0.0,0,0,2
2012,5,PUJ,34293,224,"PUNTA CANA,DOMINICAN REPUBLIC",MIA,32467,33,"MIAMI,FLORIDA,USA",4M,71009,0,911,F,6,26,1,4.0,0,361557.0,860.0,756.0,152170.0,0.0,0,0,2
2012,6,EZE,30181,303,"EZEIZA,ARGENTINA",MIA,32467,33,"MIAMI,FLORIDA,USA",4M,71009,0,4406,F,6,26,1,29.0,0,2590656.0,6243.0,5523.0,1114562.0,0.0,0,0,2
2012,6,MIA,32467,33,"MIAMI,FLORIDA,USA",EZE,30181,303,"EZEIZA,ARGENTINA",4M,71009,0,4406,F,6,26,1,30.0,0,2671739.0,6481.0,6143.0,534941.0,0.0,0,0,2
2012,6,MIA,32467,33,"MIAMI,FLORIDA,USA",PUJ,34293,224,"PUNTA CANA,DOMINICAN REPUBLIC",4M,71009,0,911,F,6,26,1,4.0,0,287927.0,860.0,838.0,76426.0,0.0,0,0,2
2012,6,PUJ,34293,224,"PUNTA CANA,DOMINICAN REPUBLIC",MIA,32467,33,"MIAMI,FLORIDA,USA",4M,71009,0,911,F,6,26,1,4.0,0,360118.0,860.0,847.0,140646.0,0.0,0,0,2
2012,7,EZE,30181,303,"EZEIZA,ARGENTINA",MIA,32467,33,"MIAMI,FLORIDA,USA",4M,71009,0,4406,F,6,26,1,31.0,0,2783660.0,6713.0,6000.0,1203750.0,0.0,0,0,3
2012,7,MIA,32467,33,"MIAMI,FLORIDA,USA",EZE,30181,303,"EZEIZA,ARGENTINA",4M,71009,0,4406,F,6,26,1,31.0,0,2766214.0,6689.0,5696.0,555122.0,0.0,0,0,3
2012,7,MIA,32467,33,"MIAMI,FLORIDA,USA",PUJ,34293,224,"PUNTA CANA,DOMINICAN REPUBLIC",4M,71009,0,911,F,6,26,1,5.0,0,401975.0,1077.0,1048.0,568.0,0.0,0,0,3
2012,7,PUJ,34293,224,"PUNTA CANA,DOMINICAN REPUBLIC",MIA,32467,33,"MIAMI,FLORIDA,USA",4M,71009,0,911,F,6,26,1,5.0,0,450483.0,1077.0,1058.0,6758.0,0.0,0,0,3
2012,8,EZE,30181,303,"EZEIZA,ARGENTINA",MIA,32467,33,"MIAMI,FLORIDA,USA",4M,71009,0,4406,F,6,26,1,31.0,0,2745307.0,6644.0,6240.0,1051233.0,0.0,0,0,3
2012,8,MIA,32467,33,"MIAMI,FLORIDA,USA",COR,31108,303,"CORDOBA,ARGENTINA",4M,71009,0,4069,F,6,26,1,1.0,0,68556.0,221.0,214.0,13959.0,0.0,0,0,3
2012,8,MIA,32467,33,"MIAMI,FLORIDA,USA",EZE,30181,303,"EZEIZA,ARGENTINA",4M,71009,0,4406,F,6,26,1,30.0,0,2640284.0,6452.0,5913.0,517649.0,0.0,0,0,3
2012,8,MIA,32467,33,"MIAMI,FLORIDA,USA",PUJ,34293,224,"PUNTA CANA,DOMINICAN REPUBLIC",4M,71009,0,911,F,6,26,1,4.0,0,272565.0,868.0,697.0,84128.0,0.0,0,0,3
2012,8,PUJ,34293,224,"PUNTA CANA,DOMINICAN REPUBLIC",MIA,32467,33,"MIAMI,FLORIDA,USA",4M,71009,0,911,F,6,26,1,4.0,0,361460.0,866.0,779.0,115460.0,0.0,0,0,3
2012,9,EZE,30181,303,"EZEIZA,ARGENTINA",MIA,32467,33,"MIAMI,FLORIDA,USA",4M,71009,0,4406,F,6,26,1,30.0,0,2680968.0,6455.0,5932.0,1204652.0,0.0,0,0,3
2012,9,MIA,32467,33,"MIAMI,FLORIDA,USA",EZE,30181,303,"EZEIZA,ARGENTINA",4M,71009,0,4406,F,6,26,1,30.0,0,2689056.0,6448.0,5549.0,662715.0,0.0,0,0,3
2012,9,MIA,32467,33,"MIAMI,FLORIDA,USA",PUJ,34293,224,"PUNTA CANA,DOMINICAN REPUBLIC",4M,71009,0,911,F,6,26,1,5.0,0,359247.0,1085.0,655.0,131958.0,0.0,0,0,3
2012,9,PUJ,34293,224,"PUNTA CANA,DOMINICAN REPUBLIC",MIA,32467,33,"MIAMI,FLORIDA,USA",4M,71009,0,911,F,6,26,1,5.0,0,438042.0,1085.0,706.0,80885.0,0.0,0,0,3
2012,10,EZE,30181,303,"EZEIZA,ARGENTINA",MIA,32467,33,"MIAMI,FLORIDA,USA",4M,71009,0,4406,F,6,26,1,31.0,0,2790572.0,6641.0,5226.0,1300389.0,0.0,0,0,4
2012,10,MIA,32467,33,"MIAMI,FLORIDA,USA",EZE,30181,303,"EZEIZA,ARGENTINA",4M,71009,0,4406,F,6,26,1,31.0,0,2812416.0,6663.0,5789.0,647579.0,0.0,0,0,4
2012,10,MIA,32467,33,"MIAMI,FLORIDA,USA",PUJ,34293,224,"PUNTA CANA,DOMINICAN REPUBLIC",4M,71009,0,911,F,6,26,1,4.0,0,198436.0,868.0,356.0,89584.0,0.0,0,0,4
2012,10,PUJ,34293,224,"PUNTA CANA,DOMINICAN REPUBLIC",MIA,32467,33,"MIAMI,FLORIDA,USA",4M,71009,0,911,F,6,26,1,4.0,0,356261.0,868.0,270.0,134090.0,0.0,0,0,4
2012,11,EZE,30181,303,"EZEIZA,ARGENTINA",MIA,32467,33,"MIAMI,FLORIDA,USA",4M,71009,0,4406,F,6,26,1,30.0,0,2695345.0,6440.0,4918.0,1193051.0,0.0,0,0,4
2012,11,MIA,32467,33,"MIAMI,FLORIDA,USA",EZE,30181,303,"EZEIZA,ARGENTINA",4M,71009,0,4406,F,6,26,1,30.0,0,2711520.0,6402.0,4953.0,490976.0,0.0,0,0,4
2012,11,MIA,32467,33,"MIAMI,FLORIDA,USA",PUJ,34293,224,"PUNTA CANA,DOMINICAN REPUBLIC",4M,71009,0,911,F,6,26,1,4.0,0,226954.0,864.0,310.0,126183.0,0.0,0,0,4
2012,11,PUJ,34293,224,"PUNTA CANA,DOMINICAN REPUBLIC",MIA,32467,33,"MIAMI,FLORIDA,USA",4M,71009,0,911,F,6,26,1,3.0,0,269075.0,647.0,289.0,99966.0,0.0,0,0,4
2012,12,EZE,30181,303,"EZEIZA,ARGENTINA",MIA,32467,33,"MIAMI,FLORIDA,USA",4M,71009,0,4406,F,6,26,1,31.0,0,2724196.0,6612.0,5336.0,1301573.0,0.0,0,0,4
2012,12,MIA,32467,33,"MIAMI,FLORIDA,USA",EZE,30181,303,"EZEIZA,ARGENTINA",4M,71009,0,4406,F,6,26,1,31.0,0,2791901.0,6619.0,4612.0,499107.0,0.0,0,0,4
2012,12,MIA,32467,33,"MIAMI,FLORIDA,USA",PUJ,34293,224,"PUNTA CANA,DOMINICAN REPUBLIC",4M,71009,0,911,F,6,26,1,5.0,0,220495.0,1085.0,384.0,101218.0,0.0,0,0,4
2012,12,PUJ,34293,224,"PUNTA CANA,DOMINICAN REPUBLIC",MIA,32467,33,"MIAMI,FLORIDA,USA",4M,71009,0,911,F,6,26,1,5.0,0,448459.0,1085.0,341.0,186094.0,0.0,0,0,4
2013,1,EZE,30181,303,"EZEIZA,ARGENTINA",MIA,32467,33,"MIAMI,FLORIDA,USA",4M,71009,0,4406,F,6,26,1,31.0,0,2770546.0,6641.0,5643.0,1274057.0,0.0,0,0,1
2013,1,MIA,32467,33,"MIAMI,FLORIDA,USA",EZE,30181,303,"EZEIZA,ARGENTINA",4M,71009,0,4406,F,6,26,1,31.0,0,2791400.0,6612.0,4616.0,430883.0,0.0,0,0,1
2013,1,MIA,32467,33,"MIAMI,FLORIDA,USA",PUJ,34293,224,"PUNTA CANA,DOMINICAN REPUBLIC",4M,71009,0,911,F,6,26,1,4.0,0,173639.0,868.0,376.0,60485.0,0.0,0,0,1
2013,1,PUJ,34293,224,"PUNTA CANA,DOMINICAN REPUBLIC",MIA,32467,33,"MIAMI,FLORIDA,USA",4M,71009,0,911,F,6,26,1,4.0,0,358767.0,868.0,387.0,150229.0,0.0,0,0,1
2013,2,EZE,30181,303,"EZEIZA,ARGENTINA",MIA,32467,33,"MIAMI,FLORIDA,USA",4M,71009,0,4406,F,6,26,1,28.0,0,2523129.0,6034.0,4968.0,1166653.0,0.0,0,0,1
2013,2,MIA,32467,33,"MIAMI,FLORIDA,USA",EZE,30181,303,"EZEIZA,ARGENTINA",4M,71009,0,4406,F,6,26,1,28.0,0,2523583.0,6050.0,5397.0,438436.0,0.0,0,0,1
2013,2,MIA,32467,33,"MIAMI,FLORIDA,USA",PUJ,34293,224,"PUNTA CANA,DOMINICAN REPUBLIC",4M,71009,0,911,F,6,26,1,4.0,0,167510.0,868.0,288.0,62869.0,0.0,0,0,1
2013,2,PUJ,34293,224,"PUNTA CANA,DOMINICAN REPUBLIC",MIA,32467,33,"MIAMI,FLORIDA,USA",4M,71009,0,911,F,6,26,1,4.0,0,358767.0,868.0,291.0,129067.0,0.0,0,0,1
2013,3,EZE,30181,303,"EZEIZA,ARGENTINA",MIA,32467,33,"MIAMI,FLORIDA,USA",4M,71009,0,4406,F,6,26,1,30.0,0,2562470.0,6453.0,5850.0,1308322.0,0.0,0,0,1
2013,3,MIA,32467,33,"MIAMI,FLORIDA,USA",EZE,30181,303,"EZEIZA,ARGENTINA",4M,71009,0,4406,F,6,26,1,30.0,0,2698390.0,6414.0,5583.0,553791.0,0.0,0,0,1
2013,3,MIA,32467,33,"MIAMI,FLORIDA,USA",PUJ,34293,224,"PUNTA CANA,DOMINICAN REPUBLIC",4M,71009,0,911,F,6,26,1,5.0,0,304051.0,1085.0,427.0,111522.0,0.0,0,0,1
2013,3,PUJ,34293,224,"PUNTA CANA,DOMINICAN REPUBLIC",MIA,32467,33,"MIAMI,FLORIDA,USA",4M,71009,0,911,F,6,26,1,5.0,0,450472.0,1085.0,368.0,201454.0,0.0,0,0,1
2013,4,EZE,30181,303,"EZEIZA,ARGENTINA",MIA,32467,33,"MIAMI,FLORIDA,USA",4M,71009,0,4406,F,6,26,1,30.0,0,2636445.0,6413.0,5964.0,1236979.0,0.0,0,0,2
2013,4,MIA,32467,33,"MIAMI,FLORIDA,USA",EZE,30181,303,"EZEIZA,ARGENTINA",4M,71009,0,4406,F,6,26,1,30.0,0,2661087.0,6424.0,6086.0,537990.0,0.0,0,0,2
2013,4,MIA,32467,33,"MIAMI,FLORIDA,USA",PUJ,34293,224,"PUNTA CANA,DOMINICAN REPUBLIC",4M,71009,0,911,F,6,26,1,4.0,0,216403.0,868.0,418.0,84040.0,0.0,0,0,2
2013,4,PUJ,34293,224,"PUNTA CANA,DOMINICAN REPUBLIC",MIA,32467,33,"MIAMI,FLORIDA,USA",4M,71009,0,911,F,6,26,1,4.0,0,361451.0,868.0,474.0,153718.0,0.0,0,0,2
2013,5,EZE,30181,303,"EZEIZA,ARGENTINA",MIA,32467,33,"MIAMI,FLORIDA,USA",4M,71009,0,4406,F,6,26,1,30.0,0,2643751.0,6440.0,6030.0,1214803.0,0.0,0,0,2
2013,5,MIA,32467,33,"MIAMI,FLORIDA,USA",EZE,30181,303,"EZEIZA,ARGENTINA",4M,71009,0,4406,F,6,26,1,30.0,0,2676923.0,6430.0,5429.0,509500.0,0.0,0,0,2
2013,5,MIA,32467,33,"MIAMI,FLORIDA,USA",PUJ,34293,224,"PUNTA CANA,DOMINICAN REPUBLIC",4M,71009,0,911,F,6,26,1,4.0,0,257169.0,868.0,567.0,86055.0,0.0,0,0,2
2013,5,PUJ,34293,224,"PUNTA CANA,DOMINICAN REPUBLIC",MIA,32467,33,"MIAMI,FLORIDA,USA",4M,71009,0,911,F,6,26,1,4.0,0,359669.0,868.0,597.0,137786.0,0.0,0,0,2
2013,6,EZE,30181,303,"EZEIZA,ARGENTINA",MIA,32467,33,"MIAMI,FLORIDA,USA",4M,71009,0,4406,F,6,26,1,29.0,0,2615397.0,6221.0,5889.0,1132074.0,0.0,0,0,2
2013,6,MIA,32467,33,"MIAMI,FLORIDA,USA",EZE,30181,303,"EZEIZA,ARGENTINA",4M,71009,0,4406,F,6,26,1,29.0,0,2606404.0,6213.0,5403.0,476124.0,0.0,0,0,2
2013,6,MIA,32467,33,"MIAMI,FLORIDA,USA",PUJ,34293,224,"PUNTA CANA,DOMINICAN REPUBLIC",4M,71009,0,911,F,6,26,1,5.0,0,300665.0,1085.0,770.0,107941.0,0.0,0,0,2
2013,6,PUJ,34293,224,"PUNTA CANA,DOMINICAN REPUBLIC",MIA,32467,33,"MIAMI,FLORIDA,USA",4M,71009,0,911,F,6,26,1,5.0,0,451706.0,1085.0,693.0,158374.0,0.0,0,0,2
2013,7,EZE,30181,303,"EZEIZA,ARGENTINA",FLL,32467,33,"FORT LAUDERDALE,FLORIDA,USA",4M,71009,0,4421,F,6,26,1,1.0,0,90970.0,221.0,202.0,42099.0,0.0,0,0,3
2013,7,EZE,30181,303,"EZEIZA,ARGENTINA",MIA,32467,33,"MIAMI,FLORIDA,USA",4M,71009,0,4406,F,6,26,1,30.0,0,2733584.0,6442.0,5871.0,1112907.0,0.0,0,0,3
2013,7,FLL,32467,33,"FORT LAUDERDALE,FLORIDA,USA",MIA,32467,33,"MIAMI,FLORIDA,USA",4M,71009,0,21,F,6,26,1,1.0,0,90970.0,221.0,202.0,42099.0,0.0,0,0,3
2013,7,MIA,32467,33,"MIAMI,FLORIDA,USA",EZE,30181,303,"EZEIZA,ARGENTINA",4M,71009,0,4406,F,6,26,1,31.0,0,2785543.0,6641.0,5705.0,565052.0,0.0,0,0,3
2013,7,MIA,32467,33,"MIAMI,FLORIDA,USA",PUJ,34293,224,"PUNTA CANA,DOMINICAN REPUBLIC",4M,71009,0,911,F,6,26,1,4.0,0,248868.0,868.0,677.0,87331.0,0.0,0,0,3
2013,7,PUJ,34293,224,"PUNTA CANA,DOMINICAN REPUBLIC",MIA,32467,33,"MIAMI,FLORIDA,USA",4M,71009,0,911,F,6,26,1,4.0,0,364846.0,868.0,637.0,140661.0,0.0,0,0,3
2013,8,EZE,30181,303,"EZEIZA,ARGENTINA",MIA,32467,33,"MIAMI,FLORIDA,USA",4M,71009,0,4406,F,6,26,1,15.0,0,1355565.0,3197.0,3044.0,573760.0,0.0,0,0,3
2013,8,MIA,32467,33,"MIAMI,FLORIDA,USA",EZE,30181,303,"EZEIZA,ARGENTINA",4M,71009,0,4406,F,6,26,1,19.0,0,1724683.0,4085.0,3581.0,362527.0,0.0,0,0,3
2013,8,MIA,32467,33,"MIAMI,FLORIDA,USA",PUJ,34293,224,"PUNTA CANA,DOMINICAN REPUBLIC",4M,71009,0,911,F,6,26,1,1.0,0,84533.0,217.0,209.0,30584.0,0.0,0,0,3
2013,8,PUJ,34293,224,"PUNTA CANA,DOMINICAN REPUBLIC",MIA,32467,33,"MIAMI,FLORIDA,USA",4M,71009,0,911,F,6,26,1,4.0,0,363662.0,868.0,796.0,142666.0,0.0,0,0,3
2013,9,EZE,30181,303,"EZEIZA,ARGENTINA",MIA,32467,33,"MIAMI,FLORIDA,USA",4M,71009,0,4406,F,6,26,1,24.0,0,2142771.0,5168.0,5000.0,916298.0,0.0,0,0,3
2013,9,MIA,32467,33,"MIAMI,FLORIDA,USA",EZE,30181,303,"EZEIZA,ARGENTINA",4M,71009,0,4406,F,6,26,1,25.0,0,2246644.0,5384.0,4873.0,505738.0,0.0,0,0,3
2013,9,MIA,32467,33,"MIAMI,FLORIDA,USA",PUJ,34293,224,"PUNTA CANA,DOMINICAN REPUBLIC",4M,71009,0,911,F,6,26,1,3.0,0,205823.0,651.0,462.0,78164.0,0.0,0,0,3
2013,9,PUJ,34293,224,"PUNTA CANA,DOMINICAN REPUBLIC",MIA,32467,33,"MIAMI,FLORIDA,USA",4M,71009,0,911,F,6,26,1,5.0,0,451108.0,1085.0,948.0,197622.0,0.0,0,0,3
2013,10,EZE,30181,303,"EZEIZA,ARGENTINA",MIA,32467,33,"MIAMI,FLORIDA,USA",4M,71009,0,4406,F,6,26,1,31.0,0,2781559.0,6631.0,5695.0,1201141.0,0.0,0,0,4
2013,10,MIA,32467,33,"MIAMI,FLORIDA,USA",EZE,30181,303,"EZEIZA,ARGENTINA",4M,71009,0,4406,F,6,26,1,31.0,0,2810260.0,6671.0,6058.0,621232.0,0.0,0,0,4
2013,10,MIA,32467,33,"MIAMI,FLORIDA,USA",PUJ,34293,224,"PUNTA CANA,DOMINICAN REPUBLIC",4M,71009,0,911,F,6,26,1,4.0,0,266147.0,860.0,563.0,102309.0,0.0,0,0,4
2013,10,PUJ,34293,224,"PUNTA CANA,DOMINICAN REPUBLIC",MIA,32467,33,"MIAMI,FLORIDA,USA",4M,71009,0,911,F,6,26,1,4.0,0,366678.0,860.0,588.0,114490.0,0.0,0,0,4
2013,11,EZE,30181,303,"EZEIZA,ARGENTINA",MIA,32467,33,"MIAMI,FLORIDA,USA",4M,71009,0,4406,F,6,26,1,30.0,0,2700973.0,6348.0,5723.0,1187611.0,0.0,0,0,4
2013,11,MIA,32467,33,"MIAMI,FLORIDA,USA",EZE,30181,303,"EZEIZA,ARGENTINA",4M,71009,0,4406,F,6,26,1,29.0,0,2595723.0,6235.0,5678.0,626956.0,0.0,0,0,4
2013,11,MIA,32467,33,"MIAMI,FLORIDA,USA",MVD,33532,385,"MONTEVIDEO,URUGUAY",4M,71009,0,4462,F,6,26,1,1.0,0,91632.0,215.0,209.0,0.0,0.0,0,0,4
2013,11,MIA,32467,33,"MIAMI,FLORIDA,USA",PUJ,34293,224,"PUNTA CANA,DOMINICAN REPUBLIC",4M,71009,0,911,F,6,26,1,5.0,0,293682.0,1075.0,578.0,122483.0,0.0,0,0,4
2013,11,PUJ,34293,224,"PUNTA CANA,DOMINICAN REPUBLIC",MIA,32467,33,"MIAMI,FLORIDA,USA",4M,71009,0,911,F,6,26,1,5.0,0,464750.0,1075.0,601.0,159709.0,0.0,0,0,4
2013,12,EZE,30181,303,"EZEIZA,ARGENTINA",MIA,32467,33,"MIAMI,FLORIDA,USA",4M,71009,0,4406,F,6,26,1,31.0,0,2742722.0,6617.0,6288.0,1202703.0,0.0,0,0,4
2013,12,MIA,32467,33,"MIAMI,FLORIDA,USA",EZE,30181,303,"EZEIZA,ARGENTINA",4M,71009,0,4406,F,6,26,1,31.0,0,2810819.0,6605.0,5385.0,519394.0,0.0,0,0,4
2013,12,MIA,32467,33,"MIAMI,FLORIDA,USA",PUJ,34293,224,"PUNTA CANA,DOMINICAN REPUBLIC",4M,71009,0,911,F,6,26,1,4.0,0,209396.0,868.0,426.0,78577.0,0.0,0,0,4
2013,12,PUJ,34293,224,"PUNTA CANA,DOMINICAN REPUBLIC",MIA,32467,33,"MIAMI,FLORIDA,USA",4M,71009,0,911,F,6,26,1,4.0,0,363277.0,868.0,407.0,146043.0,0.0,0,0,4
2014,1,EZE,30181,303,"EZEIZA,ARGENTINA",MIA,32467,33,"MIAMI,FLORIDA,USA",4M,71009,0,4406,F,6,26,1,31.0,0,2732037.0,6605.0,6466.0,1171907.0,0.0,0,0,1
2014,1,MIA,32467,33,"MIAMI,FLORIDA,USA",EZE,30181,303,"EZEIZA,ARGENTINA",4M,71009,0,4406,F,6,26,1,30.0,0,2581623.0,6402.0,5402.0,541950.0,0.0,0,0,1
2014,1,MIA,32467,33,"MIAMI,FLORIDA,USA",MVD,33532,385,"MONTEVIDEO,URUGUAY",4M,71009,0,4462,F,6,26,1,1.0,0,90202.0,215.0,190.0,0.0,0.0,0,0,1
2014,1,MIA,32467,33,"MIAMI,FLORIDA,USA",PUJ,34293,224,"PUNTA CANA,DOMINICAN REPUBLIC",4M,71009,0,911,F,6,26,1,4.0,0,177008.0,860.0,352.0,64618.0,0.0,0,0,1
2014,1,PUJ,34293,224,"PUNTA CANA,DOMINICAN REPUBLIC",MIA,32467,33,"MIAMI,FLORIDA,USA",4M,71009,0,911,F,6,26,1,4.0,0,364364.0,860.0,506.0,157720.0,0.0,0,0,1
2014,2,EZE,30181,303,"EZEIZA,ARGENTINA",MIA,32467,33,"MIAMI,FLORIDA,USA",4M,71009,0,4406,F,6,26,1,28.0,0,2541026.0,5962.0,5183.0,1057155.0,0.0,0,0,1
2014,2,MIA,32467,33,"MIAMI,FLORIDA,USA",EZE,30181,303,"EZEIZA,ARGENTINA",4M,71009,0,4406,F,6,26,1,27.0,0,2372480.0,5757.0,5369.0,601634.0,0.0,0,0,1
2014,2,MIA,32467,33,"MIAMI,FLORIDA,USA",MDZ,33235,303,"MENDOZA,ARGENTINA",4M,71009,0,4102,F,6,26,1,1.0,0,90862.0,221.0,205.0,0.0,0.0,0,0,1
2014,2,MIA,32467,33,"MIAMI,FLORIDA,USA",PUJ,34293,224,"PUNTA CANA,DOMINICAN REPUBLIC",4M,71009,0,911,F,6,26,1,4.0,0,182576.0,860.0,264.0,70869.0,0.0,0,0,1
2014,2,PUJ,34293,224,"PUNTA CANA,DOMINICAN REPUBLIC",MIA,32467,33,"MIAMI,FLORIDA,USA",4M,71009,0,911,F,6,26,1,4.0,0,364364.0,860.0,460.0,165609.0,0.0,0,0,1
2014,3,EZE,30181,303,"EZEIZA,ARGENTINA",MIA,32467,33,"MIAMI,FLORIDA,USA",4M,71009,0,4406,F,6,26,1,31.0,0,2638093.0,6617.0,5827.0,1062838.0,0.0,0,0,1
2014,3,MIA,32467,33,"MIAMI,FLORIDA,USA",EZE,30181,303,"EZEIZA,ARGENTINA",4M,71009,0,4406,F,6,26,1,31.0,0,2711130.0,6615.0,5986.0,598930.0,0.0,0,0,1
2014,3,MIA,32467,33,"MIAMI,FLORIDA,USA",PUJ,34293,224,"PUNTA CANA,DOMINICAN REPUBLIC",4M,71009,0,911,F,6,26,1,5.0,0,282709.0,1075.0,636.0,97874.0,0.0,0,0,1
2014,3,PUJ,34293,224,"PUNTA CANA,DOMINICAN REPUBLIC",MIA,32467,33,"MIAMI,FLORIDA,USA",4M,71009,0,911,F,6,26,1,5.0,0,461175.0,1075.0,781.0,202763.0,0.0,0,0,1
2014,4,EZE,30181,303,"EZEIZA,ARGENTINA",MIA,32467,33,"MIAMI,FLORIDA,USA",4M,71009,0,4406,F,6,26,1,30.0,0,2705327.0,6402.0,6131.0,1158322.0,0.0,0,0,2
2014,4,MIA,32467,33,"MIAMI,FLORIDA,USA",EZE,30181,303,"EZEIZA,ARGENTINA",4M,71009,0,4406,F,6,26,1,29.0,0,2613503.0,6187.0,5477.0,588672.0,0.0,0,0,2
2014,4,MIA,32467,33,"MIAMI,FLORIDA,USA",MVD,33532,385,"MONTEVIDEO,URUGUAY",4M,71009,0,4462,F,6,26,1,1.0,0,90202.0,215.0,213.0,0.0,0.0,0,0,2
2014,4,MIA,32467,33,"MIAMI,FLORIDA,USA",PUJ,34293,224,"PUNTA CANA,DOMINICAN REPUBLIC",4M,71009,0,911,F,6,26,1,4.0,0,248807.0,868.0,565.0,83877.0,0.0,0,0,2
2014,4,PUJ,34293,224,"PUNTA CANA,DOMINICAN REPUBLIC",MIA,32467,33,"MIAMI,FLORIDA,USA",4M,71009,0,911,F,6,26,1,4.0,0,368412.0,868.0,513.0,136776.0,0.0,0,0,2
2014,5,EZE,30181,303,"EZEIZA,ARGENTINA",MIA,32467,33,"MIAMI,FLORIDA,USA",4M,71009,0,4406,F,6,26,1,31.0,0,2771485.0,6607.0,6276.0,1253967.0,0.0,0,0,2
2014,5,MIA,32467,33,"MIAMI,FLORIDA,USA",EZE,30181,303,"EZEIZA,ARGENTINA",4M,71009,0,4406,F,6,26,1,31.0,0,2750348.0,6617.0,6423.0,605345.0,0.0,0,0,2
2014,5,MIA,32467,33,"MIAMI,FLORIDA,USA",PUJ,34293,224,"PUNTA CANA,DOMINICAN REPUBLIC",4M,71009,0,911,F,6,26,1,5.0,0,332108.0,1085.0,831.0,85930.0,0.0,0,0,2
2014,5,PUJ,34293,224,"PUNTA CANA,DOMINICAN REPUBLIC",MIA,32467,33,"MIAMI,FLORIDA,USA",4M,71009,0,911,F,6,26,1,5.0,0,455455.0,1085.0,752.0,185317.0,0.0,0,0,2
2014,6,EZE,30181,303,"EZEIZA,ARGENTINA",MIA,32467,33,"MIAMI,FLORIDA,USA",4M,71009,0,4406,F,6,26,1,30.0,0,2707199.0,6406.0,5706.0,1143206.0,0.0,0,0,2
2014,6,MIA,32467,33,"MIAMI,FLORIDA,USA",EZE,30181,303,"EZEIZA,ARGENTINA",4M,71009,0,4406,F,6,26,1,30.0,0,2616933.0,6394.0,5958.0,569356.0,0.0,0,0,2
2014,6,MIA,32467,33,"MIAMI,FLORIDA,USA",PUJ,34293,224,"PUNTA CANA,DOMINICAN REPUBLIC",4M,71009,0,911,F,6,26,1,4.0,0,299510.0,868.0,796.0,95942.0,0.0,0,0,2
2014,6,PUJ,34293,224,"PUNTA CANA,DOMINICAN REPUBLIC",MIA,32467,33,"MIAMI,FLORIDA,USA",4M,71009,0,911,F,6,26,1,4.0,0,364562.0,868.0,766.0,144998.0,0.0,0,0,2
2014,7,EZE,30181,303,"EZEIZA,ARGENTINA",MIA,32467,33,"MIAMI,FLORIDA,USA",4M,71009,0,4406,F,6,26,1,31.0,0,2748902.0,6605.0,5814.0,1130397.0,0.0,0,0,3
2014,7,MIA,32467,33,"MIAMI,FLORIDA,USA",EZE,30181,303,"EZEIZA,ARGENTINA",4M,71009,0,4406,F,6,26,1,31.0,0,2663118.0,6619.0,5426.0,563994.0,0.0,0,0,3
2014,7,MIA,32467,33,"MIAMI,FLORIDA,USA",PUJ,34293,224,"PUNTA CANA,DOMINICAN REPUBLIC",4M,71009,0,911,F,6,26,1,4.0,0,266303.0,868.0,801.0,81642.0,0.0,0,0,3
2014,7,PUJ,34293,224,"PUNTA CANA,DOMINICAN REPUBLIC",MIA,32467,33,"MIAMI,FLORIDA,USA",4M,71009,0,911,F,6,26,1,4.0,0,373703.0,868.0,629.0,142547.0,0.0,0,0,3
2014,8,EZE,30181,303,"EZEIZA,ARGENTINA",MIA,32467,33,"MIAMI,FLORIDA,USA",4M,71009,0,4406,F,6,26,1,31.0,0,2736017.0,6617.0,6280.0,1185749.0,0.0,0,0,3
2014,8,MIA,32467,33,"MIAMI,FLORIDA,USA",EZE,30181,303,"EZEIZA,ARGENTINA",4M,71009,0,4406,F,6,26,1,31.0,0,2707584.0,6617.0,6102.0,588588.0,0.0,0,0,3
2014,8,MIA,32467,33,"MIAMI,FLORIDA,USA",PUJ,34293,224,"PUNTA CANA,DOMINICAN REPUBLIC",4M,71009,0,911,F,6,26,1,1.0,0,37620.0,217.0,58.0,15754.0,0.0,0,0,3
2014,8,PUJ,34293,224,"PUNTA CANA,DOMINICAN REPUBLIC",MIA,32467,33,"MIAMI,FLORIDA,USA",4M,71009,0,911,F,6,26,1,1.0,0,91091.0,217.0,203.0,33880.0,0.0,0,0,3
2014,9,EZE,30181,303,"EZEIZA,ARGENTINA",MIA,32467,33,"MIAMI,FLORIDA,USA",4M,71009,0,4406,F,6,26,1,30.0,0,2707789.0,6450.0,6178.0,992196.0,0.0,0,0,3
2014,9,MIA,32467,33,"MIAMI,FLORIDA,USA",EZE,30181,303,"EZEIZA,ARGENTINA",4M,71009,0,4406,F,6,26,1,30.0,0,2681914.0,6450.0,5491.0,501477.0,0.0,0,0,3
2014,9,MIA,32467,33,"MIAMI,FLORIDA,USA",PUJ,34293,224,"PUNTA CANA,DOMINICAN REPUBLIC",4M,71009,0,911,F,6,26,1,4.0,0,267520.0,868.0,678.0,84172.0,0.0,0,0,3
2014,9,PUJ,34293,224,"PUNTA CANA,DOMINICAN REPUBLIC",MIA,32467,33,"MIAMI,FLORIDA,USA",4M,71009,0,911,F,6,26,1,4.0,0,373703.0,868.0,518.0,78272.0,0.0,0,0,3
2014,10,EZE,30181,303,"EZEIZA,ARGENTINA",MIA,32467,33,"MIAMI,FLORIDA,USA",4M,71009,0,4406,F,6,26,1,31.0,0,2791972.0,6637.0,5957.0,1149610.0,0.0,0,0,4
2014,10,MIA,32467,33,"MIAMI,FLORIDA,USA",COR,31108,303,"CORDOBA,ARGENTINA",4M,71009,0,4069,F,6,26,1,1.0,0,86297.0,215.0,199.0,0.0,0.0,0,0,4
2014,10,MIA,32467,33,"MIAMI,FLORIDA,USA",EZE,30181,303,"EZEIZA,ARGENTINA",4M,71009,0,4406,F,6,26,1,30.0,0,2674773.0,6426.0,5593.0,622549.0,0.0,0,0,4
2014,10,MIA,32467,33,"MIAMI,FLORIDA,USA",PUJ,34293,224,"PUNTA CANA,DOMINICAN REPUBLIC",4M,71009,0,911,F,6,26,1,4.0,0,241201.0,868.0,477.0,90515.0,0.0,0,0,4
2014,10,PUJ,34293,224,"PUNTA CANA,DOMINICAN REPUBLIC",MIA,32467,33,"MIAMI,FLORIDA,USA",4M,71009,0,911,F,6,26,1,4.0,0,375133.0,868.0,546.0,160765.0,0.0,0,0,4
2014,11,EZE,30181,303,"EZEIZA,ARGENTINA",MIA,32467,33,"MIAMI,FLORIDA,USA",4M,71009,0,4406,F,6,26,1,30.0,0,2716751.0,6444.0,5902.0,1170345.0,0.0,0,0,4
2014,11,MIA,32467,33,"MIAMI,FLORIDA,USA",EZE,30181,303,"EZEIZA,ARGENTINA",4M,71009,0,4406,F,6,26,1,30.0,0,2642684.0,6428.0,5570.0,556263.0,0.0,0,0,4
2014,11,MIA,32467,33,"MIAMI,FLORIDA,USA",PUJ,34293,224,"PUNTA CANA,DOMINICAN REPUBLIC",4M,71009,0,911,F,6,26,1,5.0,0,278016.0,1085.0,492.0,137414.0,0.0,0,0,4
2014,11,PUJ,34293,224,"PUNTA CANA,DOMINICAN REPUBLIC",MIA,32467,33,"MIAMI,FLORIDA,USA",4M,71009,0,911,F,6,26,1,5.0,0,455455.0,1085.0,513.0,194018.0,0.0,0,0,4
2014,12,EZE,30181,303,"EZEIZA,ARGENTINA",MIA,32467,33,"MIAMI,FLORIDA,USA",4M,71009,0,4406,F,6,26,1,30.0,0,2712182.0,6378.0,5569.0,1279604.0,0.0,0,0,4
2014,12,MIA,32467,33,"MIAMI,FLORIDA,USA",EZE,30181,303,"EZEIZA,ARGENTINA",4M,71009,0,4406,F,6,26,1,30.0,0,2706436.0,6354.0,4912.0,374077.0,0.0,0,0,4
2014,12,MIA,32467,33,"MIAMI,FLORIDA,USA",PUJ,34293,224,"PUNTA CANA,DOMINICAN REPUBLIC",4M,71009,0,911,F,6,26,1,4.0,0,240841.0,868.0,548.0,46510.0,0.0,0,0,4
2014,12,PUJ,34293,224,"PUNTA CANA,DOMINICAN REPUBLIC",MIA,32467,33,"MIAMI,FLORIDA,USA",4M,71009,0,911,F,6,26,1,4.0,0,363449.0,868.0,416.0,168496.0,0.0,0,0,4
2015,1,EZE,30181,303,"EZEIZA,ARGENTINA",MIA,32467,33,"MIAMI,FLORIDA,USA",4M,71009,0,4406,F,6,26,1,31.0,0,2627660.0,6607.0,6470.0,1165558.0,0.0,0,0,1
2015,1,MIA,32467,33,"MIAMI,FLORIDA,USA",EZE,30181,303,"EZEIZA,ARGENTINA",4M,71009,0,4406,F,6,26,1,31.0,0,2779194.0,6617.0,5583.0,387922.0,0.0,0,0,1
2015,1,MIA,32467,33,"MIAMI,FLORIDA,USA",PUJ,34293,224,"PUNTA CANA,DOMINICAN REPUBLIC",4M,71009,0,911,F,6,26,1,5.0,0,231972.0,1085.0,534.0,81983.0,0.0,0,0,1
2015,1,PUJ,34293,224,"PUNTA CANA,DOMINICAN REPUBLIC",MIA,32467,33,"MIAMI,FLORIDA,USA",4M,71009,0,911,F,6,26,1,5.0,0,445845.0,1085.0,629.0,166661.0,0.0,0,0,1
2015,2,EZE,30181,303,"EZEIZA,ARGENTINA",MIA,32467,33,"MIAMI,FLORIDA,USA",4M,71009,0,4406,F,6,26,1,28.0,0,2494054.0,5972.0,5114.0,1085385.0,0.0,0,0,1
2015,2,MIA,32467,33,"MIAMI,FLORIDA,USA",EZE,30181,303,"EZEIZA,ARGENTINA",4M,71009,0,4406,F,6,26,1,28.0,0,2553032.0,5972.0,5536.0,398563.0,0.0,0,0,1
2015,2,MIA,32467,33,"MIAMI,FLORIDA,USA",PUJ,34293,224,"PUNTA CANA,DOMINICAN REPUBLIC",4M,71009,0,911,F,6,26,1,4.0,0,150117.0,868.0,255.0,57737.0,0.0,0,0,1
2015,2,PUJ,34293,224,"PUNTA CANA,DOMINICAN REPUBLIC",MIA,32467,33,"MIAMI,FLORIDA,USA",4M,71009,0,911,F,6,26,1,4.0,0,368276.0,868.0,318.0,146256.0,0.0,0,0,1
2015,3,EZE,30181,303,"EZEIZA,ARGENTINA",MIA,32467,33,"MIAMI,FLORIDA,USA",4M,71009,0,4406,F,6,26,1,29.0,0,2592236.0,6189.0,5447.0,1029767.0,0.0,0,0,1
2015,3,MIA,32467,33,"MIAMI,FLORIDA,USA",BOG,30711,327,"BOGOTA,COLOMBIA",4M,71009,0,1506,F,6,26,1,1.0,0,99000.0,215.0,171.0,16537.0,0.0,0,0,1
2015,3,MIA,32467,33,"MIAMI,FLORIDA,USA",EZE,30181,303,"EZEIZA,ARGENTINA",4M,71009,0,4406,F,6,26,1,28.0,0,2526128.0,5978.0,5036.0,438218.0,0.0,0,0,1
2015,3,MIA,32467,33,"MIAMI,FLORIDA,USA",PUJ,34293,224,"PUNTA CANA,DOMINICAN REPUBLIC",4M,71009,0,911,F,6,26,1,4.0,0,227803.0,868.0,609.0,60007.0,0.0,0,0,1
2015,3,PUJ,34293,224,"PUNTA CANA,DOMINICAN REPUBLIC",MIA,32467,33,"MIAMI,FLORIDA,USA",4M,71009,0,911,F,6,26,1,4.0,0,352211.0,868.0,596.0,156961.0,0.0,0,0,1
2015,4,EZE,30181,303,"EZEIZA,ARGENTINA",MIA,32467,33,"MIAMI,FLORIDA,USA",4M,71009,0,4406,F,6,26,1,30.0,0,2675904.0,6364.0,5922.0,1180087.0,0.0,0,0,2
2015,4,MIA,32467,33,"MIAMI,FLORIDA,USA",EZE,30181,303,"EZEIZA,ARGENTINA",4M,71009,0,4406,F,6,26,1,30.0,0,2724284.0,6371.0,5799.0,492549.0,0.0,0,0,2
2015,4,MIA,32467,33,"MIAMI,FLORIDA,USA",PUJ,34293,224,"PUNTA CANA,DOMINICAN REPUBLIC",4M,71009,0,911,F,6,26,1,4.0,0,206692.0,868.0,435.0,75656.0,0.0,0,0,2
2015,4,PUJ,34293,224,"PUNTA CANA,DOMINICAN REPUBLIC",MIA,32467,33,"MIAMI,FLORIDA,USA",4M,71009,0,911,F,6,26,1,4.0,0,361926.0,868.0,387.0,156589.0,0.0,0,0,2
2015,5,EZE,30181,303,"EZEIZA,ARGENTINA",MIA,32467,33,"MIAMI,FLORIDA,USA",4M,71009,0,4406,F,6,26,1,31.0,0,2646307.0,6617.0,6245.0,1010746.0,0.0,0,0,2
2015,5,MIA,32467,33,"MIAMI,FLORIDA,USA",EZE,30181,303,"EZEIZA,ARGENTINA",4M,71009,0,4406,F,6,26,1,31.0,0,2692197.0,6605.0,6162.0,538776.0,0.0,0,0,2
2015,5,MIA,32467,33,"MIAMI,FLORIDA,USA",PUJ,34293,224,"PUNTA CANA,DOMINICAN REPUBLIC",4M,71009,0,911,F,6,26,1,5.0,0,326392.0,1085.0,947.0,71784.0,0.0,0,0,2
2015,5,PUJ,34293,224,"PUNTA CANA,DOMINICAN REPUBLIC",MIA,32467,33,"MIAMI,FLORIDA,USA",4M,71009,0,911,F,6,26,1,5.0,0,452771.0,1085.0,851.0,196799.0,0.0,0,0,2
2015,6,EZE,30181,303,"EZEIZA,ARGENTINA",MIA,32467,33,"MIAMI,FLORIDA,USA",4M,71009,0,4406,F,6,26,1,30.0,0,2633220.0,6410.0,5925.0,982791.0,0.0,0,0,2
2015,6,MIA,32467,33,"MIAMI,FLORIDA,USA",EZE,30181,303,"EZEIZA,ARGENTINA",4M,71009,0,4406,F,6,26,1,30.0,0,2614308.0,6410.0,5993.0,475380.0,0.0,0,0,2
2015,6,MIA,32467,33,"MIAMI,FLORIDA,USA",PUJ,34293,224,"PUNTA CANA,DOMINICAN REPUBLIC",4M,71009,0,911,F,6,26,1,4.0,0,334974.0,868.0,842.0,109963.0,0.0,0,0,2
2015,6,PUJ,34293,224,"PUNTA CANA,DOMINICAN REPUBLIC",MIA,32467,33,"MIAMI,FLORIDA,USA",4M,71009,0,911,F,6,26,1,4.0,0,360862.0,868.0,849.0,105725.0,0.0,0,0,2
2015,7,EZE,30181,303,"EZEIZA,ARGENTINA",MIA,32467,33,"MIAMI,FLORIDA,USA",4M,71009,0,4406,F,6,26,1,31.0,0,2635644.0,6625.0,6307.0,988557.0,0.0,0,0,3
2015,7,MIA,32467,33,"MIAMI,FLORIDA,USA",COR,31108,303,"CORDOBA,ARGENTINA",4M,71009,0,4069,F,6,26,1,1.0,0,99000.0,215.0,144.0,12573.0,0.0,0,0,3
2015,7,MIA,32467,33,"MIAMI,FLORIDA,USA",EZE,30181,303,"EZEIZA,ARGENTINA",4M,71009,0,4406,F,6,26,1,30.0,0,2639608.0,6410.0,5512.0,481166.0,0.0,0,0,3
2015,7,MIA,32467,33,"MIAMI,FLORIDA,USA",PUJ,34293,224,"PUNTA CANA,DOMINICAN REPUBLIC",4M,71009,0,911,F,6,26,1,4.0,0,266809.0,868.0,744.0,71590.0,0.0,0,0,3
2015,7,PUJ,34293,224,"PUNTA CANA,DOMINICAN REPUBLIC",MIA,32467,33,"MIAMI,FLORIDA,USA",4M,71009,0,911,F,6,26,1,4.0,0,373738.0,868.0,777.0,49982.0,0.0,0,0,3
2015,8,EZE,30181,303,"EZEIZA,ARGENTINA",MIA,32467,33,"MIAMI,FLORIDA,USA",4M,71009,0,4406,F,6,26,1,31.0,0,2721772.0,6631.0,6423.0,1121943.0,0.0,0,0,3
2015,8,MIA,32467,33,"MIAMI,FLORIDA,USA",EZE,30181,303,"EZEIZA,ARGENTINA",4M,71009,0,4406,F,6,26,1,31.0,0,2717051.0,6615.0,6026.0,484772.0,0.0,0,0,3
2015,8,MIA,32467,33,"MIAMI,FLORIDA,USA",PUJ,34293,224,"PUNTA CANA,DOMINICAN REPUBLIC",4M,71009,0,911,F,6,26,1,5.0,0,337509.0,1085.0,863.0,108992.0,0.0,0,0,3
2015,8,PUJ,34293,224,"PUNTA CANA,DOMINICAN REPUBLIC",MIA,32467,33,"MIAMI,FLORIDA,USA",4M,71009,0,911,F,6,26,1,5.0,0,459945.0,1085.0,932.0,120021.0,0.0,0,0,3
2015,9,EZE,30181,303,"EZEIZA,ARGENTINA",MIA,32467,33,"MIAMI,FLORIDA,USA",4M,71009,0,4406,F,6,26,1,30.0,0,2569860.0,6414.0,6170.0,1121342.0,0.0,0,0,3
2015,9,MIA,32467,33,"MIAMI,FLORIDA,USA",EZE,30181,303,"EZEIZA,ARGENTINA",4M,71009,0,4406,F,6,26,1,30.0,0,2694773.0,6410.0,5883.0,460522.0,0.0,0,0,3
2015,9,MIA,32467,33,"MIAMI,FLORIDA,USA",PUJ,34293,224,"PUNTA CANA,DOMINICAN REPUBLIC",4M,71009,0,911,F,6,26,1,4.0,0,267612.0,868.0,724.0,70085.0,0.0,0,0,3
2015,9,PUJ,34293,224,"PUNTA CANA,DOMINICAN REPUBLIC",MIA,32467,33,"MIAMI,FLORIDA,USA",4M,71009,0,911,F,6,26,1,4.0,0,358754.0,868.0,755.0,151976.0,0.0,0,0,3
2015,10,EZE,30181,303,"EZEIZA,ARGENTINA",MIA,32467,33,"MIAMI,FLORIDA,USA",4M,71009,0,4406,F,6,26,1,31.0,0,2638814.0,6615.0,6398.0,1107137.0,0.0,0,0,4
2015,10,MIA,32467,33,"MIAMI,FLORIDA,USA",EZE,30181,303,"EZEIZA,ARGENTINA",4M,71009,0,4406,F,6,26,1,31.0,0,2753498.0,6625.0,6253.0,553351.0,0.0,0,0,4
2015,10,MIA,32467,33,"MIAMI,FLORIDA,USA",PUJ,34293,224,"PUNTA CANA,DOMINICAN REPUBLIC",4M,71009,0,911,F,6,26,1,5.0,0,304973.0,1085.0,686.0,101748.0,0.0,0,0,4
2015,10,PUJ,34293,224,"PUNTA CANA,DOMINICAN REPUBLIC",MIA,32467,33,"MIAMI,FLORIDA,USA",4M,71009,0,911,F,6,26,1,5.0,0,450021.0,1085.0,815.0,185260.0,0.0,0,0,4
2015,11,EZE,30181,303,"EZEIZA,ARGENTINA",MIA,32467,33,"MIAMI,FLORIDA,USA",4M,71009,0,4406,F,6,26,1,30.0,0,2643232.0,6450.0,6058.0,1120902.0,0.0,0,0,4
2015,11,MIA,32467,33,"MIAMI,FLORIDA,USA",EZE,30181,303,"EZEIZA,ARGENTINA",4M,71009,0,4406,F,6,26,1,29.0,0,2611195.0,6215.0,5658.0,477453.0,0.0,0,0,4
2015,11,MIA,32467,33,"MIAMI,FLORIDA,USA",PUJ,34293,224,"PUNTA CANA,DOMINICAN REPUBLIC",4M,71009,0,911,F,6,26,1,4.0,0,191259.0,868.0,535.0,43397.0,0.0,0,0,4
2015,11,PUJ,34293,224,"PUNTA CANA,DOMINICAN REPUBLIC",MIA,32467,33,"MIAMI,FLORIDA,USA",4M,71009,0,911,F,6,26,1,4.0,0,362888.0,868.0,499.0,137753.0,0.0,0,0,4
2015,12,EZE,30181,303,"EZEIZA,ARGENTINA",MIA,32467,33,"MIAMI,FLORIDA,USA",4M,71009,0,4406,F,6,26,1,31.0,0,2610370.0,6665.0,6219.0,856112.0,0.0,0,0,4
2015,12,MIA,32467,33,"MIAMI,FLORIDA,USA",EZE,30181,303,"EZEIZA,ARGENTINA",4M,71009,0,4406,F,6,26,1,31.0,0,2615076.0,6665.0,5307.0,433044.0,0.0,0,0,4
2015,12,MIA,32467,33,"MIAMI,FLORIDA,USA",PUJ,34293,224,"PUNTA CANA,DOMINICAN REPUBLIC",4M,71009,0,911,F,6,26,1,4.0,0,235673.0,868.0,639.0,51627.0,0.0,0,0,4
2015,12,PUJ,34293,224,"PUNTA CANA,DOMINICAN REPUBLIC",MIA,32467,33,"MIAMI,FLORIDA,USA",4M,71009,0,911,F,6,26,1,4.0,0,363845.0,868.0,463.0,156057.0,0.0,0,0,4
2016,1,EZE,30181,303,"EZEIZA,ARGENTINA",MIA,32467,33,"MIAMI,FLORIDA,USA",4M,71009,0,4406,F,6,26,1,29.0,0,2488044.0,6235.0,5916.0,1050938.0,0.0,0,0,1
2016,1,FPO,31731,204,"FREEPORT,THE BAHAMAS",MIA,32467,33,"MIAMI,FLORIDA,USA",4M,71009,0,112,F,6,26,1,1.0,0,99000.0,215.0,211.0,41120.0,0.0,0,0,1
2016,1,MIA,32467,33,"MIAMI,FLORIDA,USA",EZE,30181,303,"EZEIZA,ARGENTINA",4M,71009,0,4406,F,6,26,1,31.0,0,2720714.0,6665.0,5720.0,423377.0,0.0,0,0,1
2016,1,MIA,32467,33,"MIAMI,FLORIDA,USA",PUJ,34293,224,"PUNTA CANA,DOMINICAN REPUBLIC",4M,71009,0,911,F,6,26,1,4.0,0,205282.0,868.0,480.0,66233.0,0.0,0,0,1
2016,1,PUJ,34293,224,"PUNTA CANA,DOMINICAN REPUBLIC",MIA,32467,33,"MIAMI,FLORIDA,USA",4M,71009,0,911,F,6,26,1,5.0,0,454749.0,1085.0,751.0,150524.0,0.0,0,0,1
2016,2,EZE,30181,303,"EZEIZA,ARGENTINA",MIA,32467,33,"MIAMI,FLORIDA,USA",4M,71009,0,4406,F,6,26,1,28.0,0,2460663.0,6026.0,5645.0,889739.0,0.0,0,0,1
2016,2,MIA,32467,33,"MIAMI,FLORIDA,USA",EZE,30181,303,"EZEIZA,ARGENTINA",4M,71009,0,4406,F,6,26,1,28.0,0,2419536.0,6020.0,5559.0,340619.0,0.0,0,0,1
2016,2,MIA,32467,33,"MIAMI,FLORIDA,USA",PUJ,34293,224,"PUNTA CANA,DOMINICAN REPUBLIC",4M,71009,0,911,F,6,26,1,4.0,0,256199.0,868.0,296.0,89962.0,0.0,0,0,1
2016,2,PUJ,34293,224,"PUNTA CANA,DOMINICAN REPUBLIC",MIA,32467,33,"MIAMI,FLORIDA,USA",4M,71009,0,911,F,6,26,1,4.0,0,364817.0,868.0,434.0,95542.0,0.0,0,0,1
2016,3,EZE,30181,303,"EZEIZA,ARGENTINA",MIA,32467,33,"MIAMI,FLORIDA,USA",4M,71009,0,4406,F,6,26,1,29.0,0,2569415.0,6215.0,5912.0,1018807.0,0.0,0,0,1
2016,3,MIA,32467,33,"MIAMI,FLORIDA,USA",EZE,30181,303,"EZEIZA,ARGENTINA",4M,71009,0,4406,F,6,26,1,31.0,0,2784296.0,6636.0,5941.0,483193.0,0.0,0,0,1
2016,3,MIA,32467,33,"MIAMI,FLORIDA,USA",PUJ,34293,224,"PUNTA CANA,DOMINICAN REPUBLIC",4M,71009,0,911,F,6,26,1,4.0,0,237349.0,868.0,528.0,81224.0,0.0,0,0,1
2016,3,PUJ,34293,224,"PUNTA CANA,DOMINICAN REPUBLIC",MIA,32467,33,"MIAMI,FLORIDA,USA",4M,71009,0,911,F,6,26,1,4.0,0,368163.0,868.0,306.0,115749.0,0.0,0,0,1
2016,4,EZE,30181,303,"EZEIZA,ARGENTINA",MIA,32467,33,"MIAMI,FLORIDA,USA",4M,71009,0,4406,F,6,26,1,30.0,0,2474415.0,6435.0,6250.0,874124.0,0.0,0,0,2
2016,4,MIA,32467,33,"MIAMI,FLORIDA,USA",EZE,30181,303,"EZEIZA,ARGENTINA",4M,71009,0,4406,F,6,26,1,30.0,0,2645309.0,6364.0,5634.0,445918.0,0.0,0,0,2
2016,4,MIA,32467,33,"MIAMI,FLORIDA,USA",PUJ,34293,224,"PUNTA CANA,DOMINICAN REPUBLIC",4M,71009,0,911,F,6,26,1,5.0,0,268138.0,1085.0,614.0,68468.0,0.0,0,0,2
2016,4,PUJ,34293,224,"PUNTA CANA,DOMINICAN REPUBLIC",MIA,32467,33,"MIAMI,FLORIDA,USA",4M,71009,0,911,F,6,26,1,5.0,0,460240.0,1085.0,642.0,172139.0,0.0,0,0,2
2016,5,EZE,30181,303,"EZEIZA,ARGENTINA",MIA,32467,33,"MIAMI,FLORIDA,USA",4M,71009,0,4406,F,6,26,1,31.0,0,2769642.0,6665.0,6465.0,993474.0,0.0,0,0,2
2016,5,MIA,32467,33,"MIAMI,FLORIDA,USA",EZE,30181,303,"EZEIZA,ARGENTINA",4M,71009,0,4406,F,6,26,1,31.0,0,2724834.0,6671.0,5955.0,374090.0,0.0,0,0,2
2016,5,MIA,32467,33,"MIAMI,FLORIDA,USA",PUJ,34293,224,"PUNTA CANA,DOMINICAN REPUBLIC",4M,71009,0,911,F,6,26,1,4.0,0,238319.0,868.0,608.0,68270.0,0.0,0,0,2
2016,5,PUJ,34293,224,"PUNTA CANA,DOMINICAN REPUBLIC",MIA,32467,33,"MIAMI,FLORIDA,USA",4M,71009,0,911,F,6,26,1,4.0,0,368192.0,868.0,532.0,95036.0,0.0,0,0,2
2016,6,EZE,30181,303,"EZEIZA,ARGENTINA",MIA,32467,33,"MIAMI,FLORIDA,USA",4M,71009,0,4406,F,6,26,1,28.0,0,2401021.0,6020.0,5778.0,787318.0,0.0,0,0,2
2016,6,MIA,32467,33,"MIAMI,FLORIDA,USA",EZE,30181,303,"EZEIZA,ARGENTINA",4M,71009,0,4406,F,6,26,1,29.0,0,2564635.0,6247.0,5683.0,322883.0,0.0,0,0,2
2016,6,MIA,32467,33,"MIAMI,FLORIDA,USA",PUJ,34293,224,"PUNTA CANA,DOMINICAN REPUBLIC",4M,71009,0,911,F,6,26,1,4.0,0,264785.0,868.0,814.0,56729.0,0.0,0,0,2
2016,6,PUJ,34293,224,"PUNTA CANA,DOMINICAN REPUBLIC",MIA,32467,33,"MIAMI,FLORIDA,USA",4M,71009,0,911,F,6,26,1,4.0,0,368078.0,868.0,673.0,71135.0,0.0,0,0,2
2016,6,VVI,34990,312,"SANTA CRUZ,BOLIVIA",MIA,32467,33,"MIAMI,FLORIDA,USA",4M,71009,0,3201,F,6,26,1,1.0,0,99000.0,221.0,181.0,22312.0,0.0,0,0,2
2016,7,EZE,30181,303,"EZEIZA,ARGENTINA",MIA,32467,33,"MIAMI,FLORIDA,USA",4M,71009,0,4406,F,6,26,1,31.0,0,2668530.0,6665.0,6404.0,952642.0,0.0,0,0,3
2016,7,MIA,32467,33,"MIAMI,FLORIDA,USA",EZE,30181,303,"EZEIZA,ARGENTINA",4M,71009,0,4406,F,6,26,1,31.0,0,2743717.0,6665.0,5949.0,439017.0,0.0,0,0,3
2016,7,MIA,32467,33,"MIAMI,FLORIDA,USA",PUJ,34293,224,"PUNTA CANA,DOMINICAN REPUBLIC",4M,71009,0,911,F,6,26,1,5.0,0,391567.0,1085.0,1064.0,118848.0,0.0,0,0,3
2016,7,PUJ,34293,224,"PUNTA CANA,DOMINICAN REPUBLIC",MIA,32467,33,"MIAMI,FLORIDA,USA",4M,71009,0,911,F,6,26,1,5.0,0,460489.0,1085.0,1080.0,157001.0,0.0,0,0,3
2016,8,EZE,30181,303,"EZEIZA,ARGENTINA",MIA,32467,33,"MIAMI,FLORIDA,USA",4M,71009,0,4406,F,6,26,1,26.0,0,2315988.0,5614.0,4942.0,833375.0,0.0,0,0,3
2016,8,MIA,32467,33,"MIAMI,FLORIDA,USA",EZE,30181,303,"EZEIZA,ARGENTINA",4M,71009,0,4406,F,6,26,1,27.0,0,2406837.0,5823.0,5276.0,409055.0,0.0,0,0,3
2016,8,MIA,32467,33,"MIAMI,FLORIDA,USA",PUJ,34293,224,"PUNTA CANA,DOMINICAN REPUBLIC",4M,71009,0,911,F,6,26,1,4.0,0,265025.0,858.0,721.0,68719.0,0.0,0,0,3
2016,8,NAS,33605,204,"NASSAU,THE BAHAMAS",MIA,32467,33,"MIAMI,FLORIDA,USA",4M,71009,0,184,F,6,26,1,1.0,0,91159.0,221.0,212.0,31381.0,0.0,0,0,3
2016,8,PUJ,34293,224,"PUNTA CANA,DOMINICAN REPUBLIC",MIA,32467,33,"MIAMI,FLORIDA,USA",4M,71009,0,911,F,6,26,1,3.0,0,276058.0,641.0,590.0,101603.0,0.0,0,0,3
2016,9,EZE,30181,303,"EZEIZA,ARGENTINA",MIA,32467,33,"MIAMI,FLORIDA,USA",4M,71009,0,4406,F,6,26,1,30.0,0,2606998.0,6450.0,6288.0,986990.0,0.0,0,0,3
2016,9,MIA,32467,33,"MIAMI,FLORIDA,USA",EZE,30181,303,"EZEIZA,ARGENTINA",4M,71009,0,4406,F,6,26,1,30.0,0,2687931.0,6450.0,5893.0,577863.0,0.0,0,0,3
2016,9,MIA,32467,33,"MIAMI,FLORIDA,USA",PUJ,34293,224,"PUNTA CANA,DOMINICAN REPUBLIC",4M,71009,0,911,F,6,26,1,4.0,0,279721.0,868.0,744.0,77988.0,0.0,0,0,3
2016,9,PUJ,34293,224,"PUNTA CANA,DOMINICAN REPUBLIC",MIA,32467,33,"MIAMI,FLORIDA,USA",4M,71009,0,911,F,6,26,1,4.0,0,367979.0,868.0,750.0,103950.0,0.0,0,0,3
2016,10,EZE,30181,303,"EZEIZA,ARGENTINA",MIA,32467,33,"MIAMI,FLORIDA,USA",4M,71009,0,4406,F,6,26,1,30.0,0,2667309.0,6450.0,6129.0,1119118.0,0.0,0,0,4
2016,10,MIA,32467,33,"MIAMI,FLORIDA,USA",EZE,30181,303,"EZEIZA,ARGENTINA",4M,71009,0,4406,F,6,26,1,30.0,0,2734882.0,6450.0,6062.0,450685.0,0.0,0,0,4
2016,10,MIA,32467,33,"MIAMI,FLORIDA,USA",PUJ,34293,224,"PUNTA CANA,DOMINICAN REPUBLIC",4M,71009,0,911,F,6,26,1,5.0,0,298144.0,1085.0,810.0,71249.0,0.0,0,0,4
2016,10,PUJ,34293,224,"PUNTA CANA,DOMINICAN REPUBLIC",MIA,32467,33,"MIAMI,FLORIDA,USA",4M,71009,0,911,F,6,26,1,5.0,0,457981.0,1085.0,866.0,172616.0,0.0,0,0,4
2016,11,EZE,30181,303,"EZEIZA,ARGENTINA",MIA,32467,33,"MIAMI,FLORIDA,USA",4M,71009,0,4406,F,6,26,1,28.0,0,2496622.0,6020.0,5683.0,937083.0,0.0,0,0,4
2016,11,MIA,32467,33,"MIAMI,FLORIDA,USA",AEP,30181,303,"BUENOS AIRES,ARGENTINA",4M,71009,0,4391,F,6,26,1,1.0,0,91645.0,215.0,201.0,9464.0,0.0,0,0,4
2016,11,MIA,32467,33,"MIAMI,FLORIDA,USA",COR,31108,303,"CORDOBA,ARGENTINA",4M,71009,0,4069,F,6,26,1,1.0,0,55400.0,215.0,190.0,0.0,0.0,0,0,4
2016,11,MIA,32467,33,"MIAMI,FLORIDA,USA",EZE,30181,303,"EZEIZA,ARGENTINA",4M,71009,0,4406,F,6,26,1,26.0,0,2360028.0,5590.0,5038.0,394453.0,0.0,0,0,4
2016,11,MIA,32467,33,"MIAMI,FLORIDA,USA",PUJ,34293,224,"PUNTA CANA,DOMINICAN REPUBLIC",4M,71009,0,911,F,6,26,1,4.0,0,182765.0,868.0,512.0,43111.0,0.0,0,0,4
2016,11,PUJ,34293,224,"PUNTA CANA,DOMINICAN REPUBLIC",MIA,32467,33,"MIAMI,FLORIDA,USA",4M,71009,0,911,F,6,26,1,4.0,0,366788.0,868.0,496.0,140512.0,0.0,0,0,4
2016,12,EZE,30181,303,"EZEIZA,ARGENTINA",MIA,32467,33,"MIAMI,FLORIDA,USA",4M,71009,0,4406,F,6,26,1,41.0,0,3539551.0,8821.0,8488.0,1461768.0,0.0,0,0,4
2016,12,MIA,32467,33,"MIAMI,FLORIDA,USA",EZE,30181,303,"EZEIZA,ARGENTINA",4M,71009,0,4406,F,6,26,1,41.0,0,3662177.0,8821.0,6711.0,553117.0,0.0,0,0,4
2016,12,MIA,32467,33,"MIAMI,FLORIDA,USA",PUJ,34293,224,"PUNTA CANA,DOMINICAN REPUBLIC",4M,71009,0,911,F,6,26,1,2.0,0,82196.0,434.0,189.0,27482.0,0.0,0,0,4
2016,12,PUJ,34293,224,"PUNTA CANA,DOMINICAN REPUBLIC",MIA,32467,33,"MIAMI,FLORIDA,USA",4M,71009,0,911,F,6,26,1,2.0,0,162558.0,434.0,203.0,68710.0,0.0,0,0,4
2017,1,EZE,30181,303,"EZEIZA,ARGENTINA",MIA,32467,33,"MIAMI,FLORIDA,USA",4M,71009,0,4406,F,6,26,1,48.0,0,4291736.0,10344.0,10168.0,1697192.0,0.0,0,0,1
2017,1,MIA,32467,33,"MIAMI,FLORIDA,USA",EZE,30181,303,"EZEIZA,ARGENTINA",4M,71009,0,4406,F,6,26,1,47.0,0,4259545.0,10129.0,8532.0,579471.0,0.0,0,0,1
2017,2,EZE,30181,303,"EZEIZA,ARGENTINA",MCO,31454,33,"ORLANDO,FLORIDA,USA",4M,71009,0,4598,F,6,26,1,2.0,0,145068.0,430.0,409.0,48400.0,0.0,0,0,1
2017,2,EZE,30181,303,"EZEIZA,ARGENTINA",MIA,32467,33,"MIAMI,FLORIDA,USA",4M,71009,0,4406,F,6,26,1,38.0,0,3446907.0,8170.0,7750.0,1126851.0,0.0,0,0,1
2017,2,MCO,31454,33,"ORLANDO,FLORIDA,USA",MIA,32467,33,"MIAMI,FLORIDA,USA",4M,71009,0,192,F,6,26,1,2.0,0,198000.0,430.0,409.0,48400.0,0.0,0,0,1
2017,2,MIA,32467,33,"MIAMI,FLORIDA,USA",EZE,30181,303,"EZEIZA,ARGENTINA",4M,71009,0,4406,F,6,26,1,41.0,0,3672110.0,8815.0,8147.0,421861.0,0.0,0,0,1
2017,3,EZE,30181,303,"EZEIZA,ARGENTINA",MIA,32467,33,"MIAMI,FLORIDA,USA",4M,71009,0,4406,F,6,26,1,35.0,0,3053327.0,7527.0,7309.0,1303564.0,0.0,0,0,1
2017,4,EZE,30181,303,"EZEIZA,ARGENTINA",MIA,32467,33,"MIAMI,FLORIDA,USA",4M,71009,0,4406,F,6,26,1,33.0,0,2803757.0,7095.0,6599.0,1097587.0,0.0,0,0,2
2017,3,MIA,32467,33,"MIAMI,FLORIDA,USA",COR,31108,303,"CORDOBA,ARGENTINA",4M,71009,0,4069,F,6,26,1,1.0,0,90928.0,221.0,196.0,10512.0,0.0,0,0,1
2017,4,MIA,32467,33,"MIAMI,FLORIDA,USA",EZE,30181,303,"EZEIZA,ARGENTINA",4M,71009,0,4406,F,6,26,1,32.0,0,2717568.0,6886.0,6175.0,455008.0,0.0,0,0,2
2017,3,MIA,32467,33,"MIAMI,FLORIDA,USA",EZE,30181,303,"EZEIZA,ARGENTINA",4M,71009,0,4406,F,6,26,1,34.0,0,2983849.0,7306.0,6780.0,514877.0,0.0,0,0,1
2017,5,EZE,30181,303,"EZEIZA,ARGENTINA",MIA,32467,33,"MIAMI,FLORIDA,USA",4M,71009,0,4406,F,6,26,1,34.0,0,3002736.0,7316.0,6799.0,1308195.0,0.0,0,0,2
2017,5,MIA,32467,33,"MIAMI,FLORIDA,USA",EZE,30181,303,"EZEIZA,ARGENTINA",4M,71009,0,4406,F,6,26,1,34.0,0,3015978.0,7310.0,6682.0,531551.0,0.0,0,0,2
2017,6,EZE,30181,303,"EZEIZA,ARGENTINA",MIA,32467,33,"MIAMI,FLORIDA,USA",4M,71009,0,4406,F,6,26,1,34.0,0,2981466.0,7310.0,7004.0,944464.0,0.0,0,0,2
2017,6,MIA,32467,33,"MIAMI,FLORIDA,USA",EZE,30181,303,"EZEIZA,ARGENTINA",4M,71009,0,4406,F,6,26,1,34.0,0,2991927.0,7316.0,6717.0,505626.0,0.0,0,0,2
2017,7,EZE,30181,303,"EZEIZA,ARGENTINA",MIA,32467,33,"MIAMI,FLORIDA,USA",4M,71009,0,4406,F,6,26,1,49.0,0,4419435.0,10535.0,10031.0,1616886.0,0.0,0,0,3
2017,7,MIA,32467,33,"MIAMI,FLORIDA,USA",EZE,30181,303,"EZEIZA,ARGENTINA",4M,71009,0,4406,F,6,26,1,49.0,0,4352469.0,10535.0,9140.0,660059.0,0.0,0,0,3
2017,8,EZE,30181,303,"EZEIZA,ARGENTINA",MIA,32467,33,"MIAMI,FLORIDA,USA",4M,71009,0,4406,F,6,26,1,48.0,0,4323354.0,10326.0,9438.0,1646759.0,0.0,0,0,3
2017,8,MIA,32467,33,"MIAMI,FLORIDA,USA",EZE,30181,303,"EZEIZA,ARGENTINA",4M,71009,0,4406,F,6,26,1,46.0,0,4025085.0,9896.0,8922.0,710446.0,0.0,0,0,3
2017,9,EZE,30181,303,"EZEIZA,ARGENTINA",MIA,32467,33,"MIAMI,FLORIDA,USA",4M,71009,0,4406,F,6,26,1,41.0,0,3621026.0,8815.0,8133.0,1497522.0,0.0,0,0,3
2017,9,MIA,32467,33,"MIAMI,FLORIDA,USA",EZE,30181,303,"EZEIZA,ARGENTINA",4M,71009,0,4406,F,6,26,1,43.0,0,3792158.0,9251.0,8248.0,663148.0,0.0,0,0,3
2017,10,EZE,30181,303,"EZEIZA,ARGENTINA",MIA,32467,33,"MIAMI,FLORIDA,USA",4M,71009,0,4406,F,6,26,1,49.0,0,4375965.0,10535.0,9196.0,1628051.0,0.0,0,0,4
2017,10,MIA,32467,33,"MIAMI,FLORIDA,USA",EZE,30181,303,"EZEIZA,ARGENTINA",4M,71009,0,4406,F,6,26,1,48.0,0,4098081.0,10320.0,9794.0,778562.0,0.0,0,0,4
2017,11,EZE,30181,303,"EZEIZA,ARGENTINA",MIA,32467,33,"MIAMI,FLORIDA,USA",4M,71009,0,4406,F,6,26,1,47.0,0,4149693.0,10111.0,8796.0,1518427.0,0.0,0,0,4
2017,11,MIA,32467,33,"MIAMI,FLORIDA,USA",EZE,30181,303,"EZEIZA,ARGENTINA",4M,71009,0,4406,F,6,26,1,47.0,0,4053724.0,10129.0,8943.0,909984.0,0.0,0,0,4
2017,12,EZE,30181,303,"EZEIZA,ARGENTINA",MIA,32467,33,"MIAMI,FLORIDA,USA",4M,71009,0,4406,F,6,26,1,46.0,0,3943168.0,9908.0,8664.0,1402328.0,0.0,0,0,4
2017,12,MIA,32467,33,"MIAMI,FLORIDA,USA",EZE,30181,303,"EZEIZA,ARGENTINA",4M,71009,0,4406,F,6,26,1,48.0,0,4109318.0,10374.0,7720.0,737656.0,0.0,0,0,4
2018,1,EZE,30181,303,"EZEIZA,ARGENTINA",MIA,32467,33,"MIAMI,FLORIDA,USA",4M,71009,0,4406,F,6,26,1,47.0,0,4030321.0,10117.0,9285.0,1722281.0,0.0,0,0,1
2018,1,MIA,32467,33,"MIAMI,FLORIDA,USA",EZE,30181,303,"EZEIZA,ARGENTINA",4M,71009,0,4406,F,6,26,1,47.0,0,4139124.0,10117.0,7648.0,684508.0,0.0,0,0,1
2018,2,EZE,30181,303,"EZEIZA,ARGENTINA",MIA,32467,33,"MIAMI,FLORIDA,USA",4M,71009,0,4406,F,6,26,1,43.0,0,3807800.0,9245.0,7374.0,1231474.0,0.0,0,0,1
2018,2,MIA,32467,33,"MIAMI,FLORIDA,USA",EZE,30181,303,"EZEIZA,ARGENTINA",4M,71009,0,4406,F,6,26,1,43.0,0,3781818.0,9245.0,8515.0,658500.0,0.0,0,0,1
2018,3,EZE,30181,303,"EZEIZA,ARGENTINA",MIA,32467,33,"MIAMI,FLORIDA,USA",4M,71009,0,4406,F,6,26,1,48.0,0,4152469.0,10332.0,9493.0,1469083.0,0.0,0,0,1
2018,3,MIA,32467,33,"MIAMI,FLORIDA,USA",EZE,30181,303,"EZEIZA,ARGENTINA",4M,71009,0,4406,F,6,26,1,50.0,0,4274263.0,10786.0,10127.0,753278.0,0.0,0,0,1
2018,4,EZE,30181,303,"EZEIZA,ARGENTINA",MIA,32467,33,"MIAMI,FLORIDA,USA",4M,71009,0,4406,F,6,26,1,45.0,0,3756749.0,9699.0,9183.0,1489860.0,0.0,0,0,2
2018,4,MIA,32467,33,"MIAMI,FLORIDA,USA",EZE,30181,303,"EZEIZA,ARGENTINA",4M,71009,0,4406,F,6,26,1,41.0,0,3389786.0,8833.0,8051.0,648133.0,0.0,0,0,2
2018,5,EZE,30181,303,"EZEIZA,ARGENTINA",MIA,32467,33,"MIAMI,FLORIDA,USA",4M,71009,0,4406,F,6,26,1,45.0,0,3891507.0,9747.0,8296.0,1532311.0,0.0,0,0,2
2018,5,MIA,32467,33,"MIAMI,FLORIDA,USA",EZE,30181,303,"EZEIZA,ARGENTINA",4M,71009,0,4406,F,6,26,1,45.0,0,3775189.0,9729.0,8748.0,656414.0,0.0,0,0,2
2018,5,MIA,32467,33,"MIAMI,FLORIDA,USA",MDZ,33235,303,"MENDOZA,ARGENTINA",4M,71009,0,4102,F,6,26,1,1.0,0,77968.0,221.0,191.0,16588.0,0.0,0,0,2
2018,6,EZE,30181,303,"EZEIZA,ARGENTINA",MIA,32467,33,"MIAMI,FLORIDA,USA",4M,71009,0,4406,F,6,26,1,35.0,0,3388000.0,7567.0,6482.0,1114335.0,0.0,0,0,2
2018,6,MIA,32467,33,"MIAMI,FLORIDA,USA",EZE,30181,303,"EZEIZA,ARGENTINA",4M,71009,0,4406,F,6,26,1,35.0,0,3388000.0,7579.0,6620.0,542700.0,0.0,0,0,2
2018,7,EZE,30181,303,"EZEIZA,ARGENTINA",MIA,32467,33,"MIAMI,FLORIDA,USA",4M,71009,0,4406,F,6,26,1,35.0,0,2918285.0,7525.0,6319.0,1235516.0,0.0,0,0,3
2018,7,MIA,32467,33,"MIAMI,FLORIDA,USA",EZE,30181,303,"EZEIZA,ARGENTINA",4M,71009,0,4406,F,6,26,1,34.0,0,2894782.0,7310.0,5961.0,543946.0,0.0,0,0,3
2018,8,EZE,30181,303,"EZEIZA,ARGENTINA",MIA,32467,33,"MIAMI,FLORIDA,USA",4M,71009,0,4406,F,6,26,1,33.0,0,2819639.0,7107.0,5708.0,1234792.0,0.0,0,0,3
2018,8,MIA,32467,33,"MIAMI,FLORIDA,USA",EZE,30181,303,"EZEIZA,ARGENTINA",4M,71009,0,4406,F,6,26,1,32.0,0,2686420.0,6892.0,5916.0,516879.0,0.0,0,0,3
2018,8,MIA,32467,33,"MIAMI,FLORIDA,USA",MDZ,33235,303,"MENDOZA,ARGENTINA",4M,71009,0,4102,F,6,26,1,1.0,0,96800.0,221.0,205.0,14368.0,0.0,0,0,3
2018,9,EZE,30181,303,"EZEIZA,ARGENTINA",MIA,32467,33,"MIAMI,FLORIDA,USA",4M,71009,0,4406,F,6,26,1,33.0,0,2808872.0,7113.0,5641.0,1232794.0,0.0,0,0,3
2018,9,MIA,32467,33,"MIAMI,FLORIDA,USA",EZE,30181,303,"EZEIZA,ARGENTINA",4M,71009,0,4406,F,6,26,1,32.0,0,2705243.0,6898.0,5437.0,513799.0,0.0,0,0,3
2018,9,MIA,32467,33,"MIAMI,FLORIDA,USA",MDZ,33235,303,"MENDOZA,ARGENTINA",4M,71009,0,4102,F,6,26,1,1.0,0,96800.0,221.0,201.0,2132.0,0.0,0,0,3
2018,10,EZE,30181,303,"EZEIZA,ARGENTINA",MIA,32467,33,"MIAMI,FLORIDA,USA",4M,71009,0,4406,F,6,26,1,33.0,0,2840911.0,7125.0,5709.0,1174952.0,0.0,0,0,4
2018,10,MIA,32467,33,"MIAMI,FLORIDA,USA",EZE,30181,303,"EZEIZA,ARGENTINA",4M,71009,0,4406,F,6,26,1,34.0,0,2963281.0,7334.0,6322.0,585853.0,0.0,0,0,4
2018,11,EZE,30181,303,"EZEIZA,ARGENTINA",MIA,32467,33,"MIAMI,FLORIDA,USA",4M,71009,0,4406,F,6,26,1,31.0,0,2767182.0,6665.0,5913.0,984045.0,0.0,0,0,4
2018,11,MIA,32467,33,"MIAMI,FLORIDA,USA",EZE,30181,303,"EZEIZA,ARGENTINA",4M,71009,0,4406,F,6,26,1,30.0,0,2592577.0,6450.0,5755.0,489379.0,0.0,0,0,4
2018,12,EZE,30181,303,"EZEIZA,ARGENTINA",MIA,32467,33,"MIAMI,FLORIDA,USA",4M,71009,0,4406,F,6,26,1,36.0,0,3464762.0,7836.0,6379.0,1382869.0,0.0,0,0,4
2018,12,MIA,32467,33,"MIAMI,FLORIDA,USA",EZE,30181,303,"EZEIZA,ARGENTINA",4M,71009,0,4406,F,6,26,1,36.0,0,3437480.0,7806.0,6291.0,572156.0,0.0,0,0,4
2019,1,EZE,30181,303,"EZEIZA,ARGENTINA",MIA,32467,33,"MIAMI,FLORIDA,USA",4M,71009,0,4406,F,6,26,1,43.0,0,3571845.0,9287.0,8495.0,1368765.0,0.0,0,0,1
2019,1,MIA,32467,33,"MIAMI,FLORIDA,USA",EZE,30181,303,"EZEIZA,ARGENTINA",4M,71009,0,4406,F,6,26,1,42.0,0,3449805.0,9060.0,6541.0,729863.0,0.0,0,0,1
2019,2,EZE,30181,303,"EZEIZA,ARGENTINA",MIA,32467,33,"MIAMI,FLORIDA,USA",4M,71009,0,4406,F,6,26,1,40.0,0,3872000.0,8600.0,7321.0,1310115.0,0.0,0,0,1
2019,2,MIA,32467,33,"MIAMI,FLORIDA,USA",EZE,30181,303,"EZEIZA,ARGENTINA",4M,71009,0,4406,F,6,26,1,40.0,0,3872000.0,8600.0,7352.0,626028.0,0.0,0,0,1
2019,3,EZE,30181,303,"EZEIZA,ARGENTINA",MIA,32467,33,"MIAMI,FLORIDA,USA",4M,71009,0,4406,F,6,26,1,35.0,0,3388000.0,7531.0,6310.0,1368818.0,0.0,0,0,1
2019,3,MIA,32467,33,"MIAMI,FLORIDA,USA",EZE,30181,303,"EZEIZA,ARGENTINA",4M,71009,0,4406,F,6,26,1,36.0,0,3484800.0,7746.0,7180.0,598466.0,0.0,0,0,1
2019,4,EZE,30181,303,"EZEIZA,ARGENTINA",MIA,32467,33,"MIAMI,FLORIDA,USA",4M,71009,0,4406,F,6,26,1,32.0,0,3097600.0,6880.0,6427.0,1117076.0,0.0,0,0,2
2019,4,MIA,32467,33,"MIAMI,FLORIDA,USA",EZE,30181,303,"EZEIZA,ARGENTINA",4M,71009,0,4406,F,6,26,1,31.0,0,3000800.0,6665.0,5727.0,494674.0,0.0,0,0,2
2019,5,EZE,30181,303,"EZEIZA,ARGENTINA",MIA,32467,33,"MIAMI,FLORIDA,USA",4M,71009,0,4406,F,6,26,1,37.0,0,3050133.0,7963.0,7243.0,1196534.0,0.0,0,0,2
2019,5,MIA,32467,33,"MIAMI,FLORIDA,USA",EZE,30181,303,"EZEIZA,ARGENTINA",4M,71009,0,4406,F,6,26,1,36.0,0,2918626.0,7745.0,7113.0,514215.0,0.0,0,0,2
2019,5,MIA,32467,33,"MIAMI,FLORIDA,USA",MDZ,33235,303,"MENDOZA,ARGENTINA",4M,71009,0,4102,F,6,26,1,1.0,0,96800.0,221.0,211.0,0.0,0.0,0,0,2
2019,6,EZE,30181,303,"EZEIZA,ARGENTINA",MIA,32467,33,"MIAMI,FLORIDA,USA",4M,71009,0,4406,F,6,26,1,32.0,0,2640730.0,6886.0,5686.0,945861.0,0.0,0,0,2
2019,6,MIA,32467,33,"MIAMI,FLORIDA,USA",EZE,30181,303,"EZEIZA,ARGENTINA",4M,71009,0,4406,F,6,26,1,32.0,0,2546918.0,6886.0,6050.0,460539.0,0.0,0,0,2
2019,7,EZE,30181,303,"EZEIZA,ARGENTINA",MIA,32467,33,"MIAMI,FLORIDA,USA",4M,71009,0,4406,F,6,26,1,31.0,0,2642979.0,6671.0,6246.0,886664.0,0.0,0,0,3
2019,7,MIA,32467,33,"MIAMI,FLORIDA,USA",EZE,30181,303,"EZEIZA,ARGENTINA",4M,71009,0,4406,F,6,26,1,31.0,0,2571547.0,6671.0,5123.0,570792.0,0.0,0,0,3
2019,8,EZE,30181,303,"EZEIZA,ARGENTINA",MIA,32467,33,"MIAMI,FLORIDA,USA",4M,71009,0,4406,F,6,26,1,31.0,0,2578198.0,6665.0,6126.0,1076115.0,0.0,0,0,3
2019,8,MIA,32467,33,"MIAMI,FLORIDA,USA",EZE,30181,303,"EZEIZA,ARGENTINA",4M,71009,0,4406,F,6,26,1,31.0,0,2526803.0,6665.0,6090.0,566053.0,0.0,0,0,3
2019,9,EZE,30181,303,"EZEIZA,ARGENTINA",MIA,32467,33,"MIAMI,FLORIDA,USA",4M,71009,0,4406,F,6,26,1,30.0,0,2560958.0,6688.0,5932.0,934773.0,0.0,0,0,3
2019,9,MIA,32467,33,"MIAMI,FLORIDA,USA",EZE,30181,303,"EZEIZA,ARGENTINA",4M,71009,0,4406,F,6,26,1,30.0,0,2445386.0,6698.0,5648.0,506697.0,0.0,0,0,3
